entry_time,exit_time,direction,entry_price,exit_price,stop_price,position_size,pnl,pnl_pct,exit_reason,mfe,mae,profit_R,orb_width,orb_width_pct
2025-01-02 09:55:00-05:00,2025-01-02 12:29:00-05:00,long,515.64513,510.02,510.02,17.777366923075515,-100.0,-0.010908917146177668,stop,0.9948699999999917,6.125130000000013,-1.0,4.899999999999977,0.009502659319210438
2025-01-03 10:21:00-05:00,2025-01-03 11:30:00-05:00,short,512.3871,516.5899,516.5899,23.555724754925787,-99.0,-0.008202392292858096,stop,0.0,4.412899999999922,-1.0,3.629899999999907,0.0070842923250798205
2025-01-06 09:50:00-05:00,2025-01-06 13:45:00-05:00,long,526.8963699999999,523.76,523.76,31.24950181260559,-98.01,-0.005952536738865638,stop,1.0236300000000256,3.436369999999897,-1.0,2.480000000000018,0.004706807906078417
2025-01-07 10:01:00-05:00,2025-01-07 15:55:00-05:00,short,521.75772,515.06,525.99,22.92615327908329,153.55295534038183,0.01283683929008277,eod,8.477719999999977,0.6422800000000279,1.5825323466311088,2.6900000000000546,0.005155649637536853
2025-01-08 10:03:00-05:00,2025-01-08 10:12:00-05:00,long,516.4559399999999,513.52,513.52,33.5720176684146,-98.56542955340382,-0.005684783100761625,stop,0.0,3.1659399999999778,-1.0,2.2799999999999727,0.004414703798353008
2025-01-10 09:47:00-05:00,2025-01-10 15:55:00-05:00,short,507.856635,507.46,511.58,26.207415941727373,10.394778422047125,0.000780997968058453,eod,3.936634999999967,3.24336500000004,0.1065259516593198,3.069999999999993,0.006045013077361869
2025-01-13 09:54:00-05:00,2025-01-13 15:55:00-05:00,long,502.39188999999993,505.73,499.7,36.288155549480955,121.13385492128097,0.006644434487189047,eod,3.4481100000000424,2.3718899999999508,1.2400618153045464,1.990000000000009,0.003961051202478625
2025-01-14 09:54:00-05:00,2025-01-14 15:55:00-05:00,short,506.7090837,504.37,510.155,28.699205953233417,67.12984484815134,0.004616226105362009,eod,5.119083700000033,2.9409162999999694,0.678798756661625,2.6549999999999727,0.00523969292323143
2025-01-15 09:47:00-05:00,2025-01-15 15:55:00-05:00,long,514.8743599999999,516.641,511.46,29.161060942544605,51.51709670353852,0.0034312060130554036,eod,2.975640000000112,1.949359999999956,0.5174146838646446,2.8800000000000523,0.005593597630303542
2025-01-16 09:47:00-05:00,2025-01-16 15:55:00-05:00,short,516.05343,513.67,519.0599,33.28871766783722,79.34132835105623,0.0046185721505621795,eod,2.5856300000000374,2.4665699999999333,0.7927669326486382,2.359899999999925,0.004572976096680386
2025-01-17 10:28:00-05:00,2025-01-17 13:12:00-05:00,short,518.5809,523.05,523.05,22.571646257710167,-100.87494429033053,-0.008617941771476565,stop,0.0,4.4990999999999985,-1.0,3.839999999999918,0.007404823432563594
2025-01-21 09:55:00-05:00,2025-01-21 12:42:00-05:00,short,520.94853,524.69,524.69,26.69170001294302,-99.86619484742724,-0.007182033894980084,stop,0.8885300000000598,3.761470000000031,-1.0,3.080000000000041,0.005912292333371285
2025-01-22 09:50:00-05:00,2025-01-22 15:55:00-05:00,long,531.8012699999999,531.8599,529.26,38.9047731641877,2.2809868506205047,0.00011024795032946694,eod,2.0187300000001187,0.831269999999904,0.023071141594599866,1.9393999999999778,0.003646851012597202
2025-01-23 10:35:00-05:00,2025-01-23 15:55:00-05:00,long,530.2797499999999,532.249,528.45,54.04582197976,106.42973493364788,0.003713605884441377,eod,2.000250000000051,1.0597499999998945,1.0762399234869435,1.25,0.0023572463402571947
2025-01-24 09:49:00-05:00,2025-01-24 10:16:00-05:00,long,534.0234899999999,531.9,531.9,47.07092574808365,-99.95464011679566,-0.003976398116869255,stop,0.0,2.143489999999929,-1.0,1.4500000000000455,0.0027152363653517296
2025-01-27 09:48:00-05:00,2025-01-27 14:50:00-05:00,long,515.87536,510.53,510.53,18.512334756803504,-98.9550937156277,-0.01036172768554022,stop,2.1146400000000085,5.595360000000028,-1.0,4.7000000000000455,0.009110727831622051
2025-01-28 09:48:00-05:00,2025-01-28 10:01:00-05:00,short,511.36812,515.63,515.63,22.986462025789322,-97.96554277847144,-0.008334270036231472,stop,0.0,4.761880000000019,-1.0,3.57000000000005,0.00698127212153947
2025-01-29 10:27:00-05:00,2025-01-29 15:55:00-05:00,short,519.48,520.91,522.59,31.185172781571158,-44.5947970776452,-0.0027527527527526565,eod,2.581199999999967,3.0,-0.45980707395496584,2.6295000000000073,0.005061792561792576
2025-01-30 09:47:00-05:00,2025-01-30 10:02:00-05:00,long,524.7892649999999,522.4834,522.4834,41.867125516850884,-96.53993937991027,-0.0043938875159725815,stop,1.3057350000001406,2.419264999999882,-1.0,1.6766000000000076,0.0031948062047344053
2025-01-31 09:53:00-05:00,2025-01-31 13:34:00-05:00,long,529.0685399999999,526.72,526.72,40.6953000528488,-95.57453998611115,-0.00443900897981922,stop,2.449260000000095,2.8385399999998526,-1.0,1.7398999999999205,0.003288609827376848
2025-02-03 10:03:00-05:00,2025-02-03 10:24:00-05:00,short,511.59789,515.84,515.84,22.30465371860925,-94.61879458625005,-0.008291883299205993,stop,0.5478899999999953,4.592110000000048,-1.0,3.269999999999982,0.006391738636764084
2025-02-04 09:51:00-05:00,2025-02-04 15:55:00-05:00,long,521.5610399999999,524.68,518.23,28.12112932909539,87.70867753227579,0.005980047896215591,eod,3.548960000000079,0.9210399999999481,0.9363321965512554,2.7899999999999636,0.00534932593891592
2025-02-05 10:01:00-05:00,2025-02-05 10:03:00-05:00,long,523.26274,521.04,521.04,42.537450811029814,-94.5496934157103,-0.004247846884721898,stop,0.0,2.332740000000058,-1.0,1.634999999999991,0.0031246253077373536
2025-02-06 09:53:00-05:00,2025-02-06 14:33:00-05:00,long,528.6982701,526.4,526.4,40.72810958187834,-93.60419648155319,-0.004347035407483487,stop,0.32172990000003665,2.9569700999999213,-1.0,1.6499999999999773,0.003120872704364798
2025-02-07 10:01:00-05:00,2025-02-07 15:55:00-05:00,short,528.51096,522.94,532.1,25.81976085993355,143.8408549602528,0.010540859928429678,eod,6.3209599999999,0.6290400000000318,1.5522145197601014,2.310000000000059,0.0043707702863911456
2025-02-10 10:02:00-05:00,2025-02-10 15:55:00-05:00,long,528.96844,529.49,526.75,42.42015247937323,22.124654727142843,0.0009859945519623482,eod,1.388659999999959,0.9884399999999687,0.23510214384884212,1.490000000000009,0.002816803210414612
2025-02-11 10:02:00-05:00,2025-02-11 15:55:00-05:00,long,529.0585299999999,527.56,525.83,29.21695310671283,-43.7824807390012,-0.002832446534790697,eod,0.8614700000000539,2.887529999999856,-0.46415241611508107,2.3199999999999363,0.004385148085600163
2025-02-12 09:47:00-05:00,2025-02-12 15:55:00-05:00,long,525.7655403,528.3699,521.95,24.607258061518255,64.08615122291904,0.004953462143057138,eod,3.4244597000000567,2.765540299999998,0.6825664244720635,3.1399999999999864,0.005972243822233601
2025-02-13 10:17:00-05:00,2025-02-13 15:55:00-05:00,long,532.5920599999998,535.7,529.19,27.786354831618766,86.35832363538714,0.0058354981859853735,eod,3.1279400000001942,2.0320599999998876,0.9135464982982119,2.799699999999916,0.0052567437824738075
2025-02-14 10:08:00-05:00,2025-02-14 15:55:00-05:00,long,537.4469099999999,538.43,535.67,53.68557189436068,52.777748873630316,0.0018291853236258467,eod,1.393090000000143,1.7369099999998525,0.553258184151195,1.1600000000000819,0.002158352719899501
2025-02-18 09:47:00-05:00,2025-02-18 15:55:00-05:00,short,537.6518100000001,538.57,540.0,40.849423191285105,-37.50753188000531,-0.0017077781250285037,eod,1.611810000000105,1.3081899999999678,-0.39102031777667406,1.649000000000001,0.0030670407303194994
2025-02-19 09:50:00-05:00,2025-02-19 11:11:00-05:00,short,536.98248,538.94,538.94,48.81029656133205,-95.54713172474092,-0.0036454075745637827,stop,0.5224799999999732,1.9875200000000177,-1.0,1.1800000000000637,0.0021974646174677125
2025-02-20 09:49:00-05:00,2025-02-20 15:55:00-05:00,short,536.60286,536.89,539.1,37.8799988817172,-10.876862878897116,-0.00053510709950376,eod,4.142859999999928,0.7571400000000494,-0.11498754575234685,1.759999999999991,0.0032798930665408513
2025-02-21 09:57:00-05:00,2025-02-21 15:55:00-05:00,short,535.61385,526.45,538.4,33.91163138334399,310.7611032522538,0.017109060940078216,eod,9.90384999999992,0.9561500000000933,3.2890727347773248,2.159999999999968,0.004032756061106277
2025-02-24 09:51:00-05:00,2025-02-24 15:55:00-05:00,short,525.4140600000001,520.35,529.069,26.70098628465306,135.21539660466124,0.009638227039451589,eod,5.504060000000095,0.6659399999999778,1.38553847669187,2.8489999999999327,0.005422390105053398
2025-02-25 09:48:00-05:00,2025-02-25 15:55:00-05:00,short,516.09339,512.78,519.32,30.66458505281771,101.60372946815649,0.006420136479562404,eod,6.653390000000002,1.056510000000003,1.026895100430475,2.2000000000000455,0.0042627943752584115
2025-02-26 09:50:00-05:00,2025-02-26 13:29:00-05:00,long,517.0165,514.39,514.39,38.05775521490829,-99.95869407195528,-0.005080108661909175,stop,2.6435000000000173,3.086500000000001,-1.0,2.0399999999999636,0.003945715465560507
2025-02-27 09:51:00-05:00,2025-02-27 15:55:00-05:00,short,513.1764099000001,500.8,519.0699,16.791257039905354,207.81547986213025,0.02411726194197387,eod,12.426409900000067,0.8835900999998785,2.1000136913779284,5.079899999999952,0.009898935145888419
2025-02-28 10:11:00-05:00,2025-02-28 15:55:00-05:00,long,502.37186999999994,507.74,496.93,18.566643806239068,99.66815761558733,0.010685570432118473,eod,5.49813000000006,4.831869999999924,0.9864495109218203,4.4599999999999795,0.008877885618874282
2025-03-03 09:51:00-05:00,2025-03-03 15:55:00-05:00,short,508.0914,496.595,513.04,20.618749445502587,237.04139112527582,0.022626637648265634,eod,14.511400000000037,1.7586000000000013,2.323162106454377,4.42999999999995,0.008718903724802171
2025-03-04 10:00:00-05:00,2025-03-04 12:28:00-05:00,short,491.05845,496.32,496.32,19.84288991214864,-104.40435741726567,-0.010714712271013766,stop,3.32344999999998,5.3615500000000225,-1.0,4.089999999999975,0.008328947399235214
2025-03-05 09:57:00-05:00,2025-03-05 10:00:00-05:00,short,492.68682,497.13,497.13,23.262688849673744,-103.36031384309301,-0.009018264381417762,stop,0.11682000000001835,5.0631799999999885,-1.0,3.5299999999999727,0.007164794869081281
2025-03-06 09:51:00-05:00,2025-03-06 12:03:00-05:00,long,494.45395999999994,491.6508,491.6508,36.50405638802797,-102.32671070466209,-0.005669203256052261,stop,4.126040000000046,3.2439599999999587,-1.0,2.2192000000000007,0.004488183288086116
2025-03-07 09:49:00-05:00,2025-03-07 10:31:00-05:00,long,491.57107999999994,486.92,486.92,21.78062806866731,-101.30344359761546,-0.009461663204434083,stop,0.6089200000000687,5.88107999999994,-1.0,3.9799999999999613,0.008096489321544225
2025-03-10 09:54:00-04:00,2025-03-10 15:55:00-04:00,short,480.44907,473.47,483.97,28.48406789161918,198.79230370036205,0.014526139055696328,eod,11.789069999999981,1.7309300000000007,1.9821666434720193,2.7800000000000296,0.005786253265096401
2025-03-11 09:49:00-04:00,2025-03-11 10:04:00-04:00,long,476.48600999999996,471.4915,471.4915,20.478151450020746,-102.27833219864294,-0.01048196567198267,stop,0.5939900000000193,5.736009999999965,-1.0,4.038499999999999,0.008475589870938707
2025-03-12 09:49:00-04:00,2025-03-12 15:55:00-04:00,short,477.467055,477.57,481.06,28.181769795156033,-2.901172291561689,-0.00021560649875618533,eod,5.677054999999996,2.42294499999997,-0.028651983261635615,2.6299999999999955,0.005508233442409959
2025-03-13 09:53:00-04:00,2025-03-13 15:55:00-04:00,short,472.76676000000003,467.77,476.2801,28.812052677435634,143.96691233650478,0.010569186378501,eod,6.336760000000027,3.383239999999944,1.422225005265671,2.810099999999977,0.005943945805326874
2025-03-14 09:51:00-04:00,2025-03-14 10:00:00-04:00,long,477.9274499999999,473.4608,473.4608,22.985057319715715,-102.66620627710594,-0.009345874567363525,stop,0.0,4.807449999999903,-1.0,3.5892000000000053,0.00750992645431855
2025-03-17 10:59:00-04:00,2025-03-17 14:00:00-04:00,short,478.48104,483.14,483.14,21.815929781396562,-101.63954421433488,-0.00973697933778103,stop,0.6810399999999959,4.7989599999999655,-1.0,3.9599999999999795,0.00827619000326529
2025-03-18 09:58:00-04:00,2025-03-18 15:55:00-04:00,short,473.41611,474.42,479.61,16.245549851901043,-16.308745040825144,-0.0021205235284452247,eod,1.0061099999999783,3.223889999999983,-0.16207746666473105,5.180000000000007,0.010941748475775373
2025-03-19 09:55:00-04:00,2025-03-19 15:55:00-04:00,long,478.33786,480.6,474.87,28.968891858893972,65.53168902967971,0.004729167789478435,eod,6.992140000000006,1.7678599999999847,0.6523158374329017,2.589999999999975,0.005414582905898302
2025-03-20 09:51:00-04:00,2025-03-20 15:55:00-04:00,long,480.58009999999996,479.76,476.18,22.98024549716624,-18.8460993322253,-0.0017064793153107425,eod,3.9699000000000524,3.34009999999995,-0.18638212767891116,3.81880000000001,0.007946229983305615
2025-03-21 09:51:00-04:00,2025-03-21 15:55:00-04:00,long,476.06558999999993,480.54,472.905,31.93293569199396,142.8810467896176,0.009398725919258505,eod,4.614410000000078,2.240989999999954,1.4156882101127173,2.4950000000000045,0.005240874476981218
2025-03-24 09:47:00-04:00,2025-03-24 15:55:00-04:00,long,489.20871999999997,490.98,487.12,49.00404443231052,86.79988382206528,0.0036207040626750216,eod,2.3012800000000198,1.0587199999999939,0.8480217549504363,1.589999999999975,0.003250146481444515
2025-03-25 09:49:00-04:00,2025-03-25 10:00:00-04:00,short,490.0466628,492.005,492.005,52.70988393871789,-103.22372652487464,-0.003996225969197676,stop,0.0,2.213337200000012,-1.0,1.384999999999991,0.002826261466788609
2025-03-26 09:49:00-04:00,2025-03-26 15:55:00-04:00,short,491.11219619999997,484.57,493.16,49.902968858453725,326.4750132344932,0.013321184549315777,eod,8.292196199999978,0.5078038000000333,3.194737796657964,1.4700000000000273,0.0029932060563231996
2025-03-27 09:56:00-04:00,2025-03-27 15:55:00-04:00,long,484.11362999999994,482.0,480.25,27.294601033735724,-57.6906875829333,-0.0043659791194062105,eod,2.4662700000000655,2.993629999999939,-0.5470580775074152,3.1499999999999773,0.006506736858451967
2025-03-28 10:05:00-04:00,2025-03-28 15:55:00-04:00,short,477.586935,469.4,480.52,35.75758890994284,292.74505616242305,0.01714229263830261,eod,9.536934999999971,0.5530650000000037,2.791255904659463,2.4499999999999886,0.005129956078048887
2025-03-31 11:23:00-04:00,2025-03-31 15:55:00-04:00,long,463.02255999999994,469.295,457.33,18.93819003713031,118.78866071649904,0.013546726535311962,eod,6.6974400000000855,1.1624599999999532,1.1018662956561056,5.189999999999998,0.011208957075439258
2025-04-01 09:48:00-04:00,2025-04-01 10:07:00-04:00,long,469.16869999999994,466.28,466.28,37.731391174207,-108.99466968493068,-0.006157060349507484,stop,0.11130000000002838,3.1386999999999716,-1.0,2.259200000000021,0.004815325489530784
2025-04-02 09:50:00-04:00,2025-04-02 15:55:00-04:00,long,472.30182999999994,476.97,465.86,16.750631883809824,78.19479724104599,0.009883870236115937,eod,7.258170000000064,2.3118299999999294,0.7246651960700831,5.6200000000000045,0.011899170494427272
2025-04-03 10:10:00-04:00,2025-04-03 15:55:00-04:00,short,455.64390000000003,451.4899,460.07,24.555855258691114,102.00502274460419,0.009116768599338328,eod,5.088900000000024,2.341099999999983,0.9385237568062376,3.9599999999999795,0.008690997509239077
2025-04-04 10:13:00-04:00,2025-04-04 15:55:00-04:00,short,433.57599,423.91,440.37,16.147565456621,156.08220622804345,0.02229364684146824,eod,10.28598999999997,4.42401000000001,1.422722368674751,5.889999999999986,0.013584700573479602
2025-04-07 09:53:00-04:00,2025-04-07 15:55:00-04:00,long,412.37195999999994,423.76,402.39,11.14686326635438,126.94092475177484,0.02761594168526892,eod,30.768040000000042,1.3019599999999514,1.140862115255931,7.610000000000014,0.018454213036211323
2025-04-08 09:47:00-04:00,2025-04-08 11:12:00-04:00,long,439.98954999999995,436.06,436.06,28.63863610279485,-112.53695249773605,-0.008931007565975032,stop,3.1488500000000386,4.259549999999933,-1.0,3.3799999999999955,0.007682000629333119
2025-04-10 09:59:00-04:00,2025-04-10 15:55:00-04:00,short,450.37917,445.97,455.59,21.3807748425412,94.27147101248654,0.009789906580270931,eod,17.749169999999992,3.540830000000028,0.8461550271261913,4.589999999999975,0.010191412715645741
2025-04-11 09:47:00-04:00,2025-04-11 10:21:00-04:00,long,449.51906999999994,443.21,443.21,17.808377095655022,-112.35429768288357,-0.014035155393963517,stop,0.8599300000000767,6.66906999999992,-1.0,5.2900000000000205,0.011768132551084031
2025-04-14 11:27:00-04:00,2025-04-14 15:55:00-04:00,short,458.30124,457.44,465.05,16.481658068453267,14.194663194874845,0.0018792006759571704,eod,5.671240000000012,6.228759999999966,0.12761455437739805,6.25,0.013637318546203366
2025-04-15 09:49:00-04:00,2025-04-15 10:19:00-04:00,long,461.77130999999997,458.14,458.14,30.67011666258291,-111.37270133800348,-0.007863870971109022,stop,0.6086900000000242,3.7713099999999713,-1.0,2.81880000000001,0.006104320339866958
2025-04-16 09:53:00-04:00,2025-04-16 11:24:00-04:00,short,447.93162,451.28,451.28,32.92905056314536,-110.25897432462345,-0.007475203469672365,stop,0.7116199999999822,4.05838,-1.0,2.5599999999999454,0.005715158041309844
2025-04-17 10:19:00-04:00,2025-04-17 14:11:00-04:00,short,443.81574,447.37,447.37,30.71142363850063,-109.15638458137722,-0.008008413581726504,stop,2.4557399999999916,3.5942600000000198,-1.0,3.0600000000000023,0.006894753214475904
2025-04-21 09:54:00-04:00,2025-04-21 15:55:00-04:00,short,436.01355,432.96,439.08,35.24101835528521,107.61021159878221,0.007003337396280528,eod,8.083550000000002,2.5964500000000044,0.9957931810399827,2.4699999999999704,0.005664961559107441
2025-04-22 09:47:00-04:00,2025-04-22 15:55:00-04:00,long,441.49105,443.795,437.62,28.194139277857985,64.95788718922212,0.005218565585870978,eod,6.088950000000011,1.5110499999999547,0.5951744358765869,3.420000000000016,0.007746476400824017
2025-04-23 09:52:00-04:00,2025-04-23 11:23:00-04:00,long,462.6621999999999,457.435,457.435,21.003692554990252,-109.79050172344347,-0.011298091782730307,stop,0.7178000000000679,5.4121999999999275,-1.0,4.644999999999982,0.010039722285503296
2025-04-24 09:47:00-04:00,2025-04-24 15:55:00-04:00,long,459.4189599999999,467.26,455.83,30.285262779805624,237.46795686696944,0.017067297353161218,eod,8.241040000000112,1.7034599999998932,2.1847666176274556,2.9399999999999977,0.006399387609079082
2025-04-25 09:53:00-04:00,2025-04-25 10:09:00-04:00,short,465.31422,468.47,468.47,35.194872986987995,-111.06727627487872,-0.006782040746573466,stop,0.0,3.645780000000002,-1.0,2.580000000000041,0.005544640350772089
2025-04-28 09:47:00-04:00,2025-04-28 09:58:00-04:00,long,475.26478999999995,471.49,471.49,29.12919752148642,-109.95660351212996,-0.007942498748960426,stop,0.0,4.254789999999957,-1.0,3.079999999999984,0.006480597899962218
2025-04-29 09:48:00-04:00,2025-04-29 15:55:00-04:00,long,472.8023299999999,475.355,469.59,33.88725239219205,86.50297256398,0.005399021616496881,eod,3.62197000000009,1.692329999999913,0.794647498856011,2.150000000000034,0.004547354916800081
2025-04-30 09:57:00-04:00,2025-04-30 10:29:00-04:00,short,462.537,467.22,467.22,23.429867008893293,-109.72206720264845,-0.010124595437770492,stop,0.1069999999999709,4.968000000000018,-1.0,4.07000000000005,0.008799296056315603
2025-05-01 10:00:00-04:00,2025-05-01 10:27:00-04:00,short,480.60891,483.89,483.89,33.10632946082605,-108.62484653062195,-0.0068269437618208246,stop,0.0,3.3910900000000197,-1.0,2.4399999999999977,0.005076892977285831
2025-05-02 10:11:00-04:00,2025-05-02 15:55:00-04:00,long,488.2677799999999,488.67,485.15,34.492041794263336,13.873389050492513,0.0008237692849610383,eod,2.6422200000001226,1.217779999999891,0.1290084611486773,2.490000000000009,0.005099660682095406
2025-05-05 09:58:00-04:00,2025-05-05 15:55:00-04:00,long,486.53554949999995,485.8,484.1,44.21069329768255,-32.51915334976082,-0.0015118103923872346,eod,2.4944505000000277,1.8955494999999587,-0.30200556383680854,1.6399999999999864,0.0033707711629404513
2025-05-06 09:52:00-04:00,2025-05-06 10:17:00-04:00,short,478.45107,481.19,481.19,39.19491933796182,-107.35214042232307,-0.005724577018920623,stop,0.2610700000000179,2.8589299999999866,-1.0,2.0299999999999727,0.004242858104591495
2025-05-07 09:58:00-04:00,2025-05-07 10:54:00-04:00,long,483.48299999999995,481.3,481.3,48.684662857582666,-106.27861901809983,-0.004515153583476433,stop,0.5270000000000437,2.7326999999999657,-1.0,1.6499999999999773,0.003412736331990944
2025-05-08 09:49:00-04:00,2025-05-08 11:28:00-04:00,short,485.99352,488.74,488.74,38.3093388001799,-105.21583282791885,-0.005651268765888113,stop,1.8235199999999736,3.306480000000022,-1.0,1.8100000000000023,0.003724329493117526
2025-05-09 09:53:00-04:00,2025-05-09 15:55:00-04:00,short,489.34017,488.075,491.54,47.3507836967578,59.90679100962763,0.002585461152719205,eod,3.1451700000000073,2.0598299999999767,0.5751217139506236,1.4600000000000364,0.0029836095409866647
2025-05-12 10:29:00-04:00,2025-05-12 13:08:00-04:00,short,502.16733,507.06,507.06,21.41218238911182,-104.76274240973594,-0.009743106944053906,stop,0.6873299999999745,5.112770000000012,-1.0,4.28000000000003,0.008523055452452532
2025-05-13 09:51:00-04:00,2025-05-13 15:55:00-04:00,long,511.7111999999999,515.74,508.42,31.51285700827724,126.9589983149506,0.007873190971782724,eod,5.678800000000081,0.5911999999999011,1.2241127856101843,2.625,0.0051298466791424545
2025-05-14 09:48:00-04:00,2025-05-14 12:32:00-04:00,short,515.97351,518.92,518.92,35.63042975499347,-104.98470496878808,-0.005710545101433455,stop,0.22351000000003296,3.0864899999999125,-1.0,2.2299999999999045,0.004321927302042898
2025-05-15 09:47:00-04:00,2025-05-15 10:01:00-04:00,short,515.1443399999999,517.38,517.38,46.48956367206899,-103.9348579191002,-0.0043398710349803185,stop,0.0,2.3806600000000344,-1.0,1.4399999999999409,0.002795333051703414
2025-05-16 10:36:00-04:00,2025-05-16 13:33:00-04:00,short,518.12136,520.72,520.72,39.59590760548109,-102.89550933990918,-0.005015504475631049,stop,1.0213599999999587,2.6286400000000185,-1.0,1.9300000000000637,0.0037249960125173447
2025-05-19 09:48:00-04:00,2025-05-19 15:55:00-04:00,long,518.3177999999999,521.655,514.24,24.980762726595792,83.3658013711968,0.00643852092287792,eod,4.212200000000053,2.0177999999999656,0.8183824611310327,3.42999999999995,0.006617561658117762
2025-05-20 09:48:00-04:00,2025-05-20 10:39:00-04:00,short,517.7817,520.095,520.095,44.395544140500974,-102.70021226022209,-0.004467712937711059,stop,0.0,2.3982999999999493,-1.0,1.134999999999991,0.002192043480872327
2025-05-21 09:49:00-04:00,2025-05-21 13:24:00-04:00,long,519.0785599999999,516.21,516.21,35.44398936665916,-101.67321013761985,-0.005526254060656809,stop,3.921440000000075,3.228559999999902,-1.0,2.3099999999999454,0.0044501934350745405
2025-05-22 09:53:00-04:00,2025-05-22 15:55:00-04:00,long,515.85534,514.21,512.3,28.31135082333718,-46.581797963667306,-0.0031895375940082724,eod,1.8546600000000808,2.2753399999999147,-0.462779931033296,2.560000000000059,0.004962631578070044
2025-05-23 10:13:00-04:00,2025-05-23 15:55:00-04:00,long,509.79929,508.99,505.58,23.745857728813842,-19.21728520135118,-0.0015874678836841375,eod,2.04070999999999,2.7392899999999827,-0.19180715238819226,3.134999999999991,0.006149478944939274
2025-05-27 09:56:00-04:00,2025-05-27 15:55:00-04:00,long,517.3067899999999,520.95,514.59,36.80758807438176,134.09777294847504,0.007042648715282052,eod,4.403210000000172,0.5767899999998463,1.3409980160411388,2.2099999999999227,0.004272126410712535
2025-05-28 09:50:00-04:00,2025-05-28 15:55:00-04:00,short,521.14833,518.97,523.68,40.02870237198359,87.19572323796142,0.004179865644009567,eod,2.758330000000001,1.2317699999999832,0.8604320468307449,1.8299999999999272,0.0035114762816181857
2025-05-29 09:50:00-04:00,2025-05-29 15:55:00-04:00,short,521.403075,519.62,526.48,20.132545225004574,35.89783807707382,0.0034197631074575846,eod,4.083074999999894,2.1269250000000284,0.35121160938952495,3.9200000000000728,0.0075181758373789286
2025-05-30 09:51:00-04:00,2025-05-30 10:28:00-04:00,short,516.1233599999999,519.66,519.66,29.002216948071492,-102.57040054722854,-0.00685231530694529,stop,0.23335999999994783,3.556640000000016,-1.0,2.480000000000018,0.00480505280753039
2025-06-02 10:01:00-04:00,2025-06-02 13:01:00-04:00,short,515.62386,521.35,521.35,17.733533679189907,-101.54469654175627,-0.011105265764854221,stop,0.0,6.056139999999914,-1.0,4.1299999999999955,0.008009714678447959
2025-06-03 09:58:00-04:00,2025-06-03 15:55:00-04:00,long,525.49497,527.555,522.69,35.839687973968296,73.83083241701331,0.003920170729702671,eod,3.2450300000000425,1.634969999999953,0.7344214020114468,2.0799999999999272,0.003958172996403614
2025-06-04 10:04:00-04:00,2025-06-04 14:00:00-04:00,short,526.93254,529.66,529.66,37.12888837985182,-101.26755790050883,-0.005176108501479052,stop,0.9631400000000667,2.777460000000019,-1.0,1.8199999999999363,0.003453952568577253
2025-06-05 09:47:00-04:00,2025-06-05 10:42:00-04:00,short,527.52195,530.85,530.85,30.124211571791733,-100.25488232150376,-0.006308837006687733,stop,0.25194999999996526,3.94805000000008,-1.0,2.659999999999968,0.005042444205402199
2025-06-06 09:47:00-04:00,2025-06-06 10:29:00-04:00,long,532.016485,529.3,529.3,36.53704456247227,-99.25233349828873,-0.005106016592700195,stop,0.0,2.726485000000025,-1.0,2.1400000000001,0.004022431748520162
2025-06-09 10:10:00-04:00,2025-06-09 15:55:00-04:00,long,531.25072,531.04,529.01,43.851891429230506,-9.240470561969099,-0.0003966488741888906,eod,1.0992800000000216,0.7207200000000284,-0.09404120104253837,1.5399999999999636,0.0028988196006585433
2025-06-10 09:53:00-04:00,2025-06-10 11:32:00-04:00,long,532.97244,530.75,530.75,44.171003697596284,-98.16740545768614,-0.004169896664825682,stop,0.0,3.1024400000000014,-1.0,1.6200000000000045,0.0030395567920922977
2025-06-11 09:47:00-04:00,2025-06-11 10:22:00-04:00,short,532.8566099999999,535.81,535.81,32.90650114042129,-97.18573140310927,-0.00554256050234605,stop,0.0,3.013390000000072,-1.0,1.5399999999999636,0.0028900833190376746
2025-06-12 09:50:00-04:00,2025-06-12 15:55:00-04:00,long,533.00247,533.13,530.84,44.49258213481753,5.674138999652338,0.00023926718388374228,eod,1.641330000000039,1.6624699999999848,0.05897422854420164,1.5599999999999454,0.002926815705000289
2025-06-13 10:21:00-04:00,2025-06-13 11:22:00-04:00,short,526.50297,530.26,530.26,25.624127430197543,-96.27061547907472,-0.007135819195853703,stop,0.36297000000001844,4.167029999999954,-1.0,3.009999999999991,0.005716966800776054
2025-06-16 09:51:00-04:00,2025-06-16 15:55:00-04:00,long,533.28275,534.18,530.45,33.64501255821611,30.187987517858915,0.0016825033249246962,eod,2.08725000000004,0.8527500000000146,0.31674168211102677,2.2299999999999045,0.004181646603044829
2025-06-17 10:12:00-04:00,2025-06-17 12:59:00-04:00,long,533.3928599999999,530.8051,530.8051,36.946930627054535,-95.60978919946255,-0.004851508511006108,stop,0.0,2.677859999999896,-1.0,1.9748999999999342,0.0037025242520117995
2025-06-18 09:50:00-04:00,2025-06-18 14:57:00-04:00,long,530.85032,528.48,528.48,39.93287459392328,-94.65369130746792,-0.004465138120289713,stop,1.699679999999944,2.8503200000000106,-1.0,1.669999999999959,0.003145896191604366
2025-06-20 09:56:00-04:00,2025-06-20 15:55:00-04:00,short,530.78868,526.84,533.56,33.81318447324563,133.51744526581444,0.007439269428277874,eod,5.908680000000004,2.3896200000000363,1.424837261665937,2.159999999999968,0.004069416099830856
2025-06-23 09:48:00-04:00,2025-06-23 12:37:00-04:00,long,528.0274999999999,524.16,524.16,24.574616379328404,-95.04232884705138,-0.007324429125376899,stop,2.3225000000001046,4.377499999999941,-1.0,3.1000000000000227,0.005870906344840038
2025-06-24 09:48:00-04:00,2025-06-24 15:55:00-04:00,long,538.48795,539.9,536.27,42.42291555651931,59.90327791158402,0.0026222499500685617,eod,2.21205000000009,2.0579500000000053,0.6366464528055361,1.6200000000000045,0.0030084238653808404
2025-06-25 10:12:00-04:00,2025-06-25 15:55:00-04:00,short,541.34811,540.78,543.31,48.26516182747263,27.419921085807744,0.0010494356394816764,eod,1.9681100000000242,1.3018899999999576,0.28957280989253653,1.3699999999998909,0.0025307190968116445
2025-06-26 09:51:00-04:00,2025-06-26 10:00:00-04:00,short,541.2582,543.7,543.7,38.89144792716543,-94.96513754855478,-0.004511340428653196,stop,0.0,2.4618000000000393,-1.0,1.7200000000000273,0.003177780955558784
2025-06-27 09:56:00-04:00,2025-06-27 14:19:00-04:00,long,548.91837,546.74,546.74,43.158639796302005,-94.01548617306922,-0.0039684771344051985,stop,1.0716300000000274,2.4383699999999635,-1.0,1.3899999999999864,0.0025322526553447034
2025-06-30 09:50:00-04:00,2025-06-30 15:21:00-04:00,short,548.98047,551.31,551.31,39.95455362727222,-93.07533131133853,-0.004243374996564043,stop,0.0,2.459530000000086,-1.0,1.6499999999999773,0.0030055714003814696
2025-07-01 09:51:00-04:00,2025-07-01 10:22:00-04:00,long,550.90035,549.14,549.14,52.344464452082974,-92.14457799822515,-0.003195405484857682,stop,0.0,1.8203499999999622,-1.0,1.009999999999991,0.001833362422078677
2025-07-02 09:47:00-04:00,2025-07-02 15:55:00-04:00,long,548.41787,550.83,546.12,39.69899612173157,95.75913951511424,0.004398343183091476,eod,2.4921299999999746,1.0778699999999617,1.0497243099044153,1.6599999999999682,0.003026888966984187
2025-07-03 09:52:00-04:00,2025-07-03 16:00:00-04:00,long,555.1946399999999,555.85,553.18,45.755432044134274,29.98627994444782,0.0011804148541493251,eod,2.0053600000001097,0.8246399999999312,0.32529881269114663,1.330000000000041,0.0023955562683386877
2025-07-07 10:57:00-04:00,2025-07-07 15:55:00-04:00,short,551.68776,552.0,554.27,35.814094124806395,-11.182592749528629,-0.0005659723173847002,eod,2.1077599999999848,2.252240000000029,-0.12091827250758241,1.7799999999999727,0.003226462736820503
2025-07-08 10:00:00-04:00,2025-07-08 12:23:00-04:00,short,551.55789,553.55,553.55,46.367299238168236,-92.36876048534322,-0.0036117876946695684,stop,0.45789000000002034,2.0421099999999797,-1.0,1.259999999999991,0.0022844383569601205
2025-07-09 09:47:00-04:00,2025-07-09 10:36:00-04:00,long,557.4869299999999,554.47,554.47,30.31063792679749,-91.44507288048978,-0.005411660502964417,stop,0.14307000000007974,3.366929999999911,-1.0,2.2999999999999545,0.004125657259803302
2025-07-10 09:49:00-04:00,2025-07-10 15:55:00-04:00,short,554.6647800000001,555.365,557.3,34.35410407923766,-24.055430758361897,-0.001262420159433856,eod,1.9147800000000643,1.6252199999998993,-0.265715955404093,1.6899999999999409,0.003046885363804676
2025-07-11 09:59:00-04:00,2025-07-11 15:55:00-04:00,long,554.9443899999999,554.68,552.05,31.194852056600325,-8.247606935242528,-0.0004764261154166004,eod,0.8456100000000788,1.8343899999998712,-0.09134567214506034,2.2800000000000864,0.00410851977438692
2025-07-14 10:22:00-04:00,2025-07-14 15:55:00-04:00,long,555.41486,556.13,551.63,23.83379881283569,17.044502883011777,0.0012875780817243878,eod,1.530140000000074,1.8748600000000124,0.18894754363438096,3.240000000000009,0.005833477339803277
2025-07-15 10:53:00-04:00,2025-07-15 15:55:00-04:00,short,557.7317099999999,557.57,560.8,29.455506749224345,4.763249996412864,0.0002899422734989504,eod,0.3517099999999118,2.0482900000000654,0.05270362319072016,2.379899999999907,0.0042671054152540605
2025-07-16 09:50:00-04:00,2025-07-16 15:40:00-04:00,short,554.90454,557.67,557.67,32.69823801593381,-90.42566930354307,-0.004983668001707036,stop,3.344540000000052,2.9454600000000255,-1.0,2.089999999999918,0.0037664135889029096
2025-07-17 09:50:00-04:00,2025-07-17 15:55:00-04:00,long,559.4488899999999,561.75,557.21,39.98473020582227,92.009262523924,0.00411317287625704,eod,2.8611100000000533,1.0588899999999057,1.0277905569278778,1.509999999999991,0.00269908480826549
2025-07-18 09:58:00-04:00,2025-07-18 15:55:00-04:00,short,561.42801,561.2,563.32,47.80231673303937,10.899406238296795,0.0004061250880587995,eod,1.4480099999999538,1.4419900000000325,0.12051332195197498,1.2100000000000364,0.0021552184402057824
2025-07-21 09:47:00-04:00,2025-07-21 15:55:00-04:00,long,565.4649,564.02,562.06,26.594172897333227,-38.425920419355755,-0.0025552425977279254,eod,0.5951000000000022,1.4548999999999523,-0.42435901201208914,2.730000000000018,0.004827885868778095
2025-07-22 09:47:00-04:00,2025-07-22 15:55:00-04:00,short,560.9734649999999,561.52,564.35,26.703777717077877,-14.59454915460483,-0.0009742617683352682,eod,2.3634649999999056,1.1665350000000672,-0.16186267875204785,2.2549999999999955,0.004019797977431955
2025-07-23 10:01:00-04:00,2025-07-23 11:54:00-04:00,short,559.29015,562.37,562.37,29.2287918575227,-90.02029460239027,-0.005506712392485304,stop,0.0,3.7098499999999603,-1.0,2.3700000000000045,0.0042375142848484005
2025-07-24 10:13:00-04:00,2025-07-24 11:53:00-04:00,short,563.0364000000001,565.72,565.72,33.209156229083256,-89.12009165636636,-0.004766299301430521,stop,0.0,2.683599999999956,-1.0,1.8500000000000227,0.0032857555923560583
2025-07-25 09:50:00-04:00,2025-07-25 15:55:00-04:00,long,566.1055399999999,566.2,564.27,48.06699431219497,4.540408282736671,0.00016685934569751803,eod,1.5894600000001446,0.8155399999999418,0.0514616951960426,1.1200000000000045,0.001978429675851617
2025-07-28 09:53:00-04:00,2025-07-28 11:19:00-04:00,long,569.3187499999999,567.54,567.54,49.627150989533526,-88.27429482263005,-0.003124348179293139,stop,0.0,2.0287499999999454,-1.0,1.1750000000000682,0.002063870195738448
2025-07-29 09:50:00-04:00,2025-07-29 15:55:00-04:00,short,570.04938,567.16,572.11,42.41031916336101,122.53952798423516,0.005068648614265791,eod,3.5193800000000692,0.700619999999958,1.4021896322466605,1.3999999999999773,0.0024559275899922513
2025-07-30 10:24:00-04:00,2025-07-30 14:56:00-04:00,long,569.52896,567.27,567.27,39.229090888836474,-88.61694715424612,-0.00396636546805276,stop,1.0910400000000209,2.3889599999999973,-1.0,1.6700000000000728,0.002932247729773167
2025-07-31 10:37:00-04:00,2025-07-31 15:55:00-04:00,short,570.75867,564.5694,574.63,22.661663480691374,140.25915393114047,0.010843935143376934,eod,6.888670000000047,0.9213299999998981,1.598745134101244,3.3099999999999454,0.00579929867732004
2025-08-01 09:48:00-04:00,2025-08-01 15:55:00-04:00,short,553.5958499999999,554.42,559.02,16.432688849315408,-13.543000515163811,-0.0014887214201479862,eod,1.9158499999999776,4.245150000000081,-0.15194085709282068,4.7999999999999545,0.008670585229278643
2025-08-04 09:47:00-04:00,2025-08-04 15:55:00-04:00,long,562.63207,563.9,558.95,24.170626635795777,30.64666263032402,0.002253568659888119,eod,1.5179299999999785,1.282069999999976,0.3443524973724005,3.0149999999999864,0.005358741815055062
2025-08-05 09:47:00-04:00,2025-08-05 10:17:00-04:00,long,566.81625,564.315,564.315,35.70391038207686,-89.30440584316666,-0.004412805737308897,stop,0.0,2.6763499999999567,-1.0,1.9049999999999727,0.0033608775330629154
2025-08-06 09:49:00-04:00,2025-08-06 15:55:00-04:00,long,563.27271,567.01,560.63,33.45481032150186,125.03032806644669,0.0066349566269596665,eod,4.48729000000003,2.272709999999961,1.414188465628116,1.9099999999999682,0.0033908974571126805
2025-08-07 09:47:00-04:00,2025-08-07 09:56:00-04:00,short,570.5289,572.75,572.75,40.36813518769995,-89.66166506539949,-0.0038930543220509575,stop,0.0,2.331099999999992,-1.0,1.6599999999999682,0.0029095809169350896
2025-08-08 09:47:00-04:00,2025-08-08 15:55:00-04:00,long,573.0925199999999,574.33,570.15,30.166336478510647,37.33023806543094,0.002159302306022279,eod,1.6774800000000596,0.9825199999999086,0.4205510922611034,2.3500000000000227,0.004100559539670878
2025-08-11 09:59:00-04:00,2025-08-11 14:04:00-04:00,long,575.8552799999999,573.83,573.83,44.01285293658501,-89.1383507953998,-0.0035169947560432877,stop,0.9447200000000748,2.055279999999925,-1.0,1.419999999999959,0.0024658973344829963
2025-08-12 09:49:00-04:00,2025-08-12 11:07:00-04:00,short,573.90552,576.94,576.94,29.081413384647426,-88.24696728744581,-0.005287420828431882,stop,1.4205200000000104,3.1844800000000077,-1.0,2.330000000000041,0.004059901706469108
2025-08-13 09:56:00-04:00,2025-08-13 15:55:00-04:00,short,581.49792,580.4651,583.3199,47.950305499826705,49.52403452633175,0.0017761370496389998,eod,2.5579199999999673,0.9520800000000236,0.5668668152230263,0.9698999999999387,0.0016679337391265969
2025-08-14 09:51:00-04:00,2025-08-14 15:55:00-04:00,long,580.8802999999999,580.57,577.91,29.579415533729286,-9.178492640112356,-0.0005341892296913326,eod,0.9997000000000753,2.4302999999998747,-0.10446756219906243,2.2000000000000455,0.0037873551573362804
2025-08-15 09:48:00-04:00,2025-08-15 15:55:00-04:00,short,576.707715,577.11,579.84,28.02042375883193,-11.272196171821879,-0.0006975543928695426,eod,1.1334150000000136,2.3822850000000244,-0.1284317997883344,2.3799999999999955,0.004126873870587973
2025-08-18 09:52:00-04:00,2025-08-18 10:24:00-04:00,short,575.45397,577.6,577.6,40.84529623151377,-87.65523107171533,-0.003729281770356013,stop,0.0,2.1710299999999734,-1.0,1.1900000000000546,0.00206793255766409
2025-08-19 09:47:00-04:00,2025-08-19 15:55:00-04:00,short,573.2262,568.82,576.56,26.02995943397872,114.6932072579944,0.007686668892663837,eod,4.976199999999949,2.303800000000024,1.3216749655048003,2.6499999999999773,0.004622956871126926
2025-08-20 09:47:00-04:00,2025-08-20 15:55:00-04:00,short,564.2352,566.37,568.45,20.86115849709984,-44.534401159609594,-0.003783528571064055,eod,5.395199999999932,2.654800000000023,-0.5065009015848912,3.240000000000009,0.005742286195544002
2025-08-21 09:47:00-04:00,2025-08-21 10:12:00-04:00,short,561.89754,565.08,565.08,27.488253370657368,-87.48026682198203,-0.005663772793879808,stop,0.04754000000002634,3.34245999999996,-1.0,2.340000000000032,0.004164460303563585
2025-08-22 10:01:00-04:00,2025-08-22 15:55:00-04:00,long,569.92936,571.87,563.27,13.005073183273215,25.238165222387725,0.0034050535666385576,eod,4.060640000000035,0.5793599999999515,0.29141539126883553,3.1299999999999955,0.005491908681454831
2025-08-25 10:00:00-04:00,2025-08-25 15:55:00-04:00,long,571.52095,571.285,569.16,36.789362674341255,-8.680450123010912,-0.00041284575832259966,eod,1.7661500000000387,0.9309499999999389,-0.09993858404455931,1.759999999999991,0.0030795021599820463
2025-08-26 09:47:00-04:00,2025-08-26 10:10:00-04:00,short,568.9904399999999,570.98,570.98,43.61318145959497,-86.77104130475598,-0.0034966492582899937,stop,0.19043999999996686,2.1895600000000286,-1.0,1.3000000000000682,0.0022847484045603094
2025-08-27 10:15:00-04:00,2025-08-27 15:55:00-04:00,long,572.787215,574.04,570.55,38.39744096642868,48.103738081128014,0.0021871734689469582,eod,1.6177850000000262,1.1372149999999692,0.5599752370693124,1.6600000000000819,0.0028981093790651073
2025-08-28 09:51:00-04:00,2025-08-28 11:16:00-04:00,short,572.9864399999999,576.53,576.53,24.37784834249117,-86.38436827251972,-0.006184369738313652,stop,0.5264399999998659,3.753560000000107,-1.0,2.689999999999941,0.004694700977565789
2025-08-29 09:47:00-04:00,2025-08-29 15:55:00-04:00,short,571.7476800000001,569.45,575.03,26.05490159088595,59.8658262873472,0.004018695799517741,eod,3.207680000000096,1.0573199999998906,0.7000170611031449,2.4700000000000273,0.004320087490341941
2025-09-02 09:47:00-04:00,2025-09-02 15:55:00-04:00,long,563.8632999999999,565.875,559.535,19.896768443192475,40.02632907717294,0.0035677086981900277,eod,2.016700000000128,4.293299999999817,0.46477831943261316,3.6550000000000864,0.006482067550769996
2025-09-03 10:08:00-04:00,2025-09-03 13:45:00-04:00,long,570.66009,568.03,568.03,32.896002092491074,-86.51944614343971,-0.00460885568500155,stop,1.0349100000000817,3.2300900000000183,-1.0,1.57000000000005,0.002751199930592746
2025-09-04 10:03:00-04:00,2025-09-04 11:27:00-04:00,short,569.57985,572.35,572.35,30.920438128622465,-85.65425168200531,-0.004863497190078016,stop,0.5548499999999876,2.895150000000058,-1.0,2.1700000000000728,0.00380982578649872
2025-09-05 10:02:00-04:00,2025-09-05 15:55:00-04:00,short,578.43099,575.55,581.12,31.534917744888862,90.85178267384727,0.004980697870285265,eod,6.900989999999979,1.1490100000000893,1.0713943049672334,1.9099999999999682,0.0033020360821261812
2025-09-08 09:50:00-04:00,2025-09-08 13:52:00-04:00,long,580.4798999999999,578.07,578.07,35.564225483185204,-85.70622699192374,-0.004151564937907204,stop,0.3601000000001022,2.6398999999998978,-1.0,1.8199999999999363,0.003135336813557087
2025-09-09 09:52:00-04:00,2025-09-09 15:23:00-04:00,short,578.4809399999999,580.2,580.2,49.357884379834466,-84.8491647220045,-0.002971679585502207,stop,1.440939999999955,1.7490600000000995,-1.0,0.9700000000000273,0.0016768054622508866
2025-09-11 10:09:00-04:00,2025-09-11 15:55:00-04:00,long,584.3737899999999,584.44,581.62,30.503659710721767,2.0196473094524654,0.00011330076935891128,eod,0.5062100000001237,1.8737899999998717,0.024043227697168643,2.1100000000000136,0.0036107026634442556
2025-09-12 10:22:00-04:00,2025-09-12 15:55:00-04:00,long,586.2857,587.055,584.1,38.441171957669894,29.572793587032766,0.001312158901368275,eod,1.5742999999999938,0.7206999999999653,0.3519696207164438,1.4700000000000273,0.0025073100026148125
2025-09-15 09:50:00-04:00,2025-09-15 15:55:00-04:00,long,590.2596699999999,591.22,588.295,42.916417252643555,41.21392298023602,0.0016269619098321809,eod,0.9603300000001127,0.6496699999999009,0.48879964574210144,1.3450000000000273,0.00227865813701964
2025-09-16 09:51:00-04:00,2025-09-16 15:55:00-04:00,short,590.8086,591.67,592.86,41.302884232011934,-35.57830447745521,-0.0014580017961823902,eod,0.3185999999999467,1.2614000000000942,-0.4199083552695618,1.2699999999999818,0.0021495963328901813
2025-09-17 10:02:00-04:00,2025-09-17 15:27:00-04:00,short,588.9704399999999,591.57,591.57,32.45662868669064,-84.37295366877711,-0.004413735942333729,stop,4.6054399999999305,2.684560000000033,-1.0,1.9400000000000546,0.0032938834757140862
2025-09-18 10:03:00-04:00,2025-09-18 15:55:00-04:00,long,596.34575,595.46,593.24,26.89502507674181,-23.82226846172181,-0.001485296071951408,eod,1.7942500000000337,1.055749999999989,-0.28519681236414146,2.480000000000018,0.004158661313508176
2025-09-19 09:50:00-04:00,2025-09-19 10:47:00-04:00,long,598.4778799999999,596.555,596.555,43.31575628613003,-83.29100144747214,-0.003212950827856769,stop,0.0,1.9678799999999228,-1.0,1.0950000000000273,0.0018296415566771281
2025-09-22 09:49:00-04:00,2025-09-22 15:55:00-04:00,long,599.4688699999999,602.38,597.72,47.14935440198657,137.2579000802585,0.004856182106670646,eod,3.40113000000008,0.7188699999999244,1.6645776987427552,1.0699999999999363,0.0017849133683954872
2025-09-23 09:58:00-04:00,2025-09-23 15:55:00-04:00,short,600.33906,598.29,602.57,37.57638951912592,76.99627670806218,0.003413171216945394,eod,3.3590599999999995,1.3609400000000278,0.9184738271759996,1.6000000000000227,0.0026651605844204484
2025-09-24 09:49:00-04:00,2025-09-24 15:55:00-04:00,short,597.44196,595.9,599.9,34.417923711933575,53.07106164685369,0.002580936899711593,eod,4.081959999999981,1.0180400000000418,0.6273128183430815,1.8099999999999454,0.0030295829907895076
2025-09-25 10:11:00-04:00,2025-09-25 15:55:00-04:00,long,592.9023099999998,593.285,588.5,19.33788029860515,7.4004134114758875,0.0006454520307066081,eod,2.2126900000001797,3.6423099999998385,0.08692936208494031,3.730000000000018,0.006291086975188239
2025-09-26 10:01:00-04:00,2025-09-26 10:11:00-04:00,long,596.5259299999999,592.96,592.96,23.89428506770102,-85.2053479514639,-0.0059778289939548266,stop,0.0,3.6259299999999257,-1.0,2.7649999999999864,0.004635171517187839
2025-09-29 09:48:00-04:00,2025-09-29 11:36:00-04:00,long,601.7211199999999,599.045,599.045,31.520744388125436,-84.35329447194927,-0.004447442363332651,stop,0.3288800000000265,2.8861199999998917,-1.0,1.9850000000000136,0.0032988704135896276
2025-09-30 09:55:00-04:00,2025-09-30 10:48:00-04:00,short,595.75365,598.67,598.67,28.635027183716204,-83.50976152722977,-0.004895228086307093,stop,0.0,3.0763500000000477,-1.0,2.1200000000000045,0.003558517853814248
2025-10-01 09:50:00-04:00,2025-10-01 10:18:00-04:00,short,595.98342,599.07,599.07,26.78520041986819,-82.67466391195747,-0.0051789695760328805,stop,0.0,3.2365800000000036,-1.0,2.3700000000000045,0.003976620691897779
2025-10-02 09:50:00-04:00,2025-10-02 15:55:00-04:00,short,603.20619,605.385,607.16,20.701024397439024,-45.103598967384094,-0.003612048477155048,eod,0.27619000000004235,2.943809999999985,-0.5510659338713828,3.199999999999932,0.0053049853483763685
2025-10-03 09:57:00-04:00,2025-10-03 15:55:00-04:00,short,605.2841099999999,603.16,607.25,41.404596026818204,87.94791646652371,0.003509277651448629,eod,3.8991099999999506,1.730890000000045,1.0804826312763736,1.1900000000000546,0.0019660188997858456
2025-10-07 10:28:00-04:00,2025-10-07 15:55:00-04:00,short,607.7992922999999,604.67,609.69,43.51617145676407,136.17482026513048,0.005148561934250174,eod,4.769292299999961,1.1007077000000436,1.6550904722077213,1.1100000000000136,0.0018262607641407642
2025-10-08 09:49:00-04:00,2025-10-08 15:55:00-04:00,long,607.7921849999999,611.51,605.26,33.03001504648494,122.79948539005028,0.006116918071264914,eod,3.727815000000078,0.9521849999998722,1.468224083153567,1.82000000000005,0.002994444556736198
2025-10-09 10:28:00-04:00,2025-10-09 15:55:00-04:00,short,609.03036,610.425,611.61,32.898429046060606,-45.88146508479735,-0.0022899351027426307,eod,1.550359999999955,1.5696400000000494,-0.5406335767781394,1.919999999999959,0.0031525521978903633
2025-10-10 10:58:00-04:00,2025-10-10 15:55:00-04:00,short,609.5698199999999,589.9099,613.13,23.7087138441123,466.11141747813895,0.03225212166835941,eod,20.42981999999995,0.8701800000001185,5.522170227347948,2.169999999999959,0.003559887528552446
2025-10-13 09:51:00-04:00,2025-10-13 15:55:00-04:00,long,600.8952949999999,602.32,597.23,24.300473230208468,34.62100571344734,0.002370970469988671,eod,2.0547050000001263,3.2110949999998866,0.38870131872064034,2.8799999999999955,0.004792848311451658
2025-10-14 10:21:00-04:00,2025-10-14 15:55:00-04:00,long,596.0254299999999,597.68,590.13,15.166766984842535,25.094477650111447,0.002776005715058224,eod,6.66457000000014,0.5954299999999648,0.2806529803593729,5.2000000000000455,0.008724459961381256
2025-10-15 09:49:00-04:00,2025-10-15 09:55:00-04:00,short,601.16823,604.04,604.04,31.22309859840832,-89.6655578619501,-0.00477698230992674,stop,0.0,3.011769999999956,-1.0,1.9800000000000182,0.0032935872210013797
2025-10-16 10:12:00-04:00,2025-10-16 10:36:00-04:00,short,604.17522,606.99,606.99,31.536710607340286,-88.7689022833306,-0.004658880250004364,stop,0.0,3.124779999999987,-1.0,2.0499999999999545,0.0033930554119713063
2025-10-17 09:54:00-04:00,2025-10-17 15:55:00-04:00,long,601.11051,603.99,596.37,18.538345718181763,53.380981112047806,0.004790283903038117,eod,4.399490000000014,4.686509999999998,0.6074219862419971,3.519900000000007,0.005855662047898658
2025-10-20 09:52:00-04:00,2025-10-20 15:55:00-04:00,long,610.35975,611.99,607.065,26.835123475717506,43.747960046289705,0.0026709657705968433,eod,2.440249999999992,1.1597499999999172,0.4948023370513975,2.633899999999926,0.0043153238725193235
2025-10-21 09:49:00-04:00,2025-10-21 11:47:00-04:00,short,609.2301600000001,611.72,611.72,35.686029091058934,-88.85250267208069,-0.00408686267272119,stop,0.0,2.7199399999999514,-1.0,1.7300000000000182,0.0028396493042957983
2025-10-22 09:52:00-04:00,2025-10-22 10:27:00-04:00,long,611.6710599999999,608.6301,608.6301,28.92638431461183,-87.96397764535989,-0.004971561021703279,stop,0.0,3.740159999999946,-1.0,2.319900000000075,0.0037927248021184384
2025-10-23 09:49:00-04:00,2025-10-23 15:55:00-04:00,long,608.0426352,610.52,604.52,24.721361402653066,61.24383054701213,0.004074327451043243,eod,3.327364800000055,1.5326351999999588,0.703270324443489,2.8899999999999864,0.004752956178886034
2025-10-24 10:08:00-04:00,2025-10-24 15:55:00-04:00,long,618.2389212999999,617.45,615.13,28.208104262523158,-22.253974285321256,-0.0012760783457970498,eod,0.18107870000005732,3.0589212999999518,-0.2537604602599236,2.3999999999999773,0.003881994350911109
2025-10-27 10:02:00-04:00,2025-10-27 15:55:00-04:00,long,626.19557,628.25,624.03,40.393169665041114,82.98493955495142,0.0032808120951734374,eod,2.3544299999999794,1.4955699999999297,0.9486786388803052,1.5,0.0023954177765901476
2025-10-28 09:49:00-04:00,2025-10-28 12:27:00-04:00,short,629.43993,631.36,631.36,45.990034648253584,-88.30408582707271,-0.0030504420016696583,stop,0.18993000000000393,1.9200700000000097,-1.0,1.259999999999991,0.002001779582048427
2025-10-29 09:53:00-04:00,2025-10-29 10:50:00-04:00,long,636.9362999999998,635.31,635.31,53.75456248466291,-87.42104496880198,-0.0025533165561452556,stop,0.07370000000014443,1.9062999999998738,-1.0,0.9100000000000819,0.0014287143000015576
2025-10-30 09:55:00-04:00,2025-10-30 15:16:00-04:00,long,633.0123799999999,627.76,627.76,16.47764147284004,-86.54683451911397,-0.00829743645771968,stop,0.4876200000001063,5.442379999999844,-1.0,4.430000000000064,0.006998283351109286
2025-10-31 09:58:00-04:00,2025-10-31 15:55:00-04:00,short,630.9284399999999,630.04,634.2,26.189758455880146,23.26802900254074,0.0014081470158484948,eod,4.238439999999855,2.8215600000000904,0.27156463583119644,2.490000000000009,0.003946564843391763
2025-11-03 09:50:00-05:00,2025-11-03 15:55:00-05:00,short,632.50686,631.68,635.82,25.931305789657518,21.44155950523649,0.001307274359048075,eod,2.656859999999938,0.9131399999999985,0.24956989442039523,2.6450000000000955,0.0041817728269383445
2025-11-04 09:51:00-05:00,2025-11-04 12:19:00-05:00,long,625.189565,621.3687,621.3687,22.541613498252357,-86.12846205900058,-0.006111530348399251,stop,1.7604350000000295,4.019665000000032,-1.0,2.8613000000000284,0.004576691871048789
2025-11-05 09:48:00-05:00,2025-11-05 15:55:00-05:00,long,620.5198999999999,624.15,617.21,25.761254853141864,93.51593124239244,0.005850094412765947,eod,6.0801000000001295,0.8198999999998478,1.09674008278203,2.1200000000000045,0.003416489946575452
2025-11-06 09:52:00-05:00,2025-11-06 15:55:00-05:00,short,618.63075,611.78,622.04,25.284838821100326,173.22010955365462,0.011074053464041451,eod,8.33075000000008,1.0292499999999336,2.0094595585539943,2.3299999999999272,0.003766382450274137
2025-11-07 10:07:00-05:00,2025-11-07 14:59:00-05:00,short,602.50689,608.33,608.33,15.100957709260241,-87.93453784637104,-0.009664802339438878,stop,3.8368900000000394,6.073110000000042,-1.0,4.650000000000091,0.00771775406584992
2025-11-10 09:59:00-05:00,2025-11-10 10:59:00-05:00,long,622.2616399999999,618.56,618.56,23.518006199389294,-87.05519246790733,-0.005948687436365189,stop,0.0,3.831639999999993,-1.0,2.880000000000109,0.0046282782271459145
2025-11-11 09:50:00-05:00,2025-11-11 13:18:00-05:00,short,619.41996,621.57,621.57,40.08513355250326,-86.18464054322826,-0.0034710537903881945,stop,1.8999599999999646,2.1900400000000673,-1.0,1.4200000000000728,0.0022924672947253312
2025-11-12 09:47:00-05:00,2025-11-12 15:55:00-05:00,short,619.79958,620.77,624.86,16.860812766093648,-16.36206992447243,-0.0015656996734331283,eod,1.9895800000000463,2.1604200000000446,-0.19176669130230017,3.4600000000000364,0.00558244973318639
2025-11-13 10:46:00-05:00,2025-11-13 15:55:00-05:00,short,611.69769,607.94,618.12,13.259897675221335,49.826584895201286,0.006143050826299363,eod,5.617689999999925,1.0723100000000159,0.5850994424124479,5.279999999999973,0.0086317147936262
2025-11-14 09:47:00-05:00,2025-11-14 15:55:00-05:00,long,603.6730699999999,608.68,597.17,13.17184641830759,65.95051298721697,0.008294108597555978,eod,9.676930000000084,0.8030699999999342,0.7699332776673212,5.600000000000023,0.009276544338809123
2025-11-17 09:47:00-05:00,2025-11-17 11:16:00-05:00,long,611.7911799999998,605.24,605.24,13.17578580002043,-86.31694441737544,-0.010708196218192977,stop,0.6888200000001916,6.701179999999795,-1.0,5.92999999999995,0.009692849772695238
2025-11-18 09:48:00-05:00,2025-11-18 15:55:00-05:00,short,596.79261,597.7,602.31,15.488079503751237,-14.053728460910037,-0.0015204444304363584,eod,5.452609999999936,4.997389999999996,-0.16446000735856653,4.589999999999918,0.007691114003573064
2025-11-19 09:49:00-05:00,2025-11-19 12:33:00-05:00,long,601.4208199999999,596.14,596.14,16.155301201062223,-85.31323768859258,-0.008780573974808437,stop,4.739180000000033,5.460819999999899,-1.0,4.6200000000000045,0.007681809219707434
2025-11-20 09:48:00-05:00,2025-11-20 11:00:00-05:00,long,613.44283,610.03,610.03,24.74782081489761,-84.46010531170666,-0.005563403520422572,stop,0.5871700000000146,4.03282999999999,-1.0,2.3500000000000227,0.0038308378304788776
2025-11-21 09:47:00-05:00,2025-11-21 09:54:00-05:00,short,584.7246899999999,589.35,589.35,18.07781624552458,-83.6155042585896,-0.007910235499034815,stop,0.0,5.045310000000086,-1.0,3.2799999999999727,0.005609477513254953
2025-11-24 10:03:00-05:00,2025-11-24 15:55:00-05:00,long,600.94034,606.3258,595.16,14.320844312964873,77.12433421369933,0.008961721557916991,eod,5.739659999999958,2.2503399999999374,0.9316856793890921,4.899999999999977,0.00815388762218888
2025-11-25 09:48:00-05:00,2025-11-25 11:22:00-05:00,short,598.59081,604.07,604.07,15.248712411531711,-83.55059255814069,-0.009153481658029492,stop,1.2708099999999831,5.5191899999999805,-1.0,4.810000000000059,0.008035539336128564
2025-11-26 09:51:00-05:00,2025-11-26 09:58:00-05:00,long,614.2986849999999,611.69,611.69,31.707579348432386,-82.71508663255929,-0.004246606844030294,stop,0.0,2.7961849999998094,-1.0,1.9699999999999136,0.0032069090299288432
2025-11-28 11:07:00-05:00,2025-11-28 16:00:00-05:00,long,618.2976799999999,618.9,615.4174,28.430546948990294,17.124287038318023,0.000974158596228401,eod,1.0223200000001498,2.0176799999999275,0.2091185579180173,2.1625999999999976,0.0034976679841334647
2025-12-01 09:51:00-05:00,2025-12-01 15:55:00-05:00,long,615.85524,616.86,612.52,24.603680285861557,24.72079380402307,0.00163148729561842,eod,3.584860000000049,1.90653999999995,0.30125568175004896,2.659999999999968,0.004319196829436684
2025-12-02 10:01:00-05:00,2025-12-02 11:23:00-05:00,long,623.1225,618.98,618.98,19.8687716535084,-82.3063865746571,-0.006647970503392074,stop,0.6275000000000546,4.252499999999941,-1.0,3.385499999999979,0.005433121095771665
2025-12-03 09:54:00-05:00,2025-12-03 10:02:00-05:00,short,617.8215600000001,620.65,620.65,28.808573881331686,-81.48332270891053,-0.004578085620708812,stop,0.0,3.2084399999998823,-1.0,2.086999999999989,0.0033779980096518302
2025-12-04 10:26:00-05:00,2025-12-04 15:55:00-05:00,short,619.81956,622.36,624.94,15.754210474455505,-40.02262645772558,-0.004098676718108072,eod,0.2795600000000604,3.6504400000000032,-0.49613705072219855,3.8900000000001,0.006276020072680668
2025-12-05 09:54:00-05:00,2025-12-05 11:31:00-05:00,long,627.61699,624.24,624.24,23.769174092089315,-80.26826321724417,-0.005380654210779058,stop,1.303009999999972,3.7369899999999916,-1.0,2.4700000000000273,0.003935521248397095
2025-12-08 09:49:00-05:00,2025-12-08 15:55:00-05:00,short,625.31406,622.965,628.84,22.537417138428875,52.941745103197924,0.0037566083193459753,eod,3.624059999999986,1.6059399999999187,0.6662223407091483,2.1399999999999864,0.0034222803178293897
2025-12-09 10:03:00-05:00,2025-12-09 15:55:00-05:00,long,624.84422,625.03,621.0,20.809162336209877,3.865926178821539,0.00029732210694054673,eod,1.0257800000000543,1.7942199999999957,0.04832709886531595,2.8700000000000045,0.004593144832163135
2025-12-10 09:48:00-05:00,2025-12-10 10:40:00-05:00,long,624.9242999999999,621.92,621.92,26.639702192821428,-80.03365729789192,-0.004807462279831244,stop,0.0,3.07429999999988,-1.0,2.300000000000068,0.0036804457755924493
2025-12-11 09:48:00-05:00,2025-12-11 13:36:00-05:00,short,620.46891,623.97,623.97,22.631043682085732,-79.233320724913,-0.005642651780892577,stop,2.7489100000000235,3.7310899999999947,-1.0,2.5,0.004029210746433693
2025-12-12 09:49:00-05:00,2025-12-12 15:55:00-05:00,short,620.5075713,613.5,623.54,25.86738066344797,181.26751434335284,0.01129328895265326,eod,9.147571299999981,1.8024286999999504,2.3108775154383903,2.240000000000009,0.0036099478936366188
2025-12-15 09:53:00-05:00,2025-12-15 15:55:00-05:00,short,613.77561,610.68,618.42,17.27969930628104,53.49120996951801,0.005043553294664281,eod,4.455609999999979,1.3743899999999485,0.6665267128729769,3.4699999999999136,0.005653531915352442
2025-12-16 09:51:00-05:00,2025-12-16 10:25:00-05:00,long,612.20159,607.73,607.73,18.067080112620502,-80.78857476079257,-0.007304113666218985,stop,0.28840999999999894,4.811590000000024,-1.0,3.320899999999938,0.0054245203773481505
2025-12-17 09:47:00-05:00,2025-12-17 15:55:00-05:00,short,608.56083,600.595,613.65,15.715861135152718,125.1898781062333,0.013089619980963913,eod,8.160830000000033,2.8491699999999582,1.5652513081701012,3.5799999999999272,0.005882731558651133
2025-12-18 10:29:00-05:00,2025-12-18 15:55:00-05:00,long,611.72111,609.895,607.19,17.927745694597746,-32.73803569036138,-0.0029852002328315456,eod,1.2088899999999967,4.211109999999962,-0.40301603801276337,3.759999999999991,0.0061465918676568004
2025-12-19 09:48:00-05:00,2025-12-19 15:55:00-05:00,long,617.4268099999999,616.84,611.87,14.559649769803976,-8.54374808141722,-0.000950412244003302,eod,0.19319000000007236,5.358009999999922,-0.10560195507852671,4.860000000000014,0.0078713783096008
2025-12-22 10:36:00-05:00,2025-12-22 15:55:00-05:00,short,617.91147,619.245,621.65,21.618061097952904,-28.828333015953053,-0.0021581246905806686,eod,0.14147000000002663,2.1685300000000325,-0.3566990234129477,2.8974999999999227,0.004689183063716106
2025-12-23 09:49:00-05:00,2025-12-23 10:03:00-05:00,long,621.20058,618.05,618.05,25.560844868681293,-80.53148662636967,-0.005071759591724771,stop,0.0,3.4205799999999726,-1.0,2.400000000000091,0.003863486412070142
2025-12-24 10:13:00-05:00,2025-12-24 16:00:00-05:00,long,623.4227999999999,623.2,621.72,46.82063175951969,-10.43163675601597,-0.00035738186027186187,eod,0.8572000000000344,1.2327999999998838,-0.13084331688977244,1.0599999999999454,0.0017002907176316708
2025-12-26 10:02:00-05:00,2025-12-26 15:55:00-05:00,short,622.9164599999999,623.8,625.515,30.640996633703402,-27.0725461657435,-0.001418392443827924,eod,0.0,2.0735400000000936,-0.34001400786596125,1.6549999999999727,0.002656857068763238
2025-12-30 09:50:00-05:00,2025-12-30 15:55:00-05:00,long,621.4708499999999,619.81,619.51,40.46772059611441,-67.2108137520559,-0.002672450365129728,eod,0.7091500000000224,1.8908499999998867,-0.8470051253283197,1.2899999999999636,0.002075720848371189
2025-12-31 10:12:00-05:00,2025-12-31 15:55:00-05:00,short,616.8025799999999,615.31,619.96,24.918769689608897,37.193257263315836,0.0024198666613877906,eod,2.192579999999907,1.797420000000102,0.47272139911697547,2.4600000000000364,0.003988310165628744
2026-01-02 09:48:00-05:00,2026-01-02 10:12:00-05:00,long,622.4017799999999,618.9,618.9,22.57450621284099,-79.05095436600097,-0.005626237122907875,stop,0.44822000000010576,3.9317799999998897,-1.0,2.2799999999999727,0.0036632285980929763
2026-01-05 10:29:00-05:00,2026-01-05 15:55:00-05:00,long,620.6700499999998,617.51,616.72,19.81252004970692,-62.608553983073215,-0.005091352482691638,eod,0.1399500000001126,3.630049999999869,-0.8000025316135232,3.259999999999991,0.005252388124737116
2026-01-06 09:47:00-05:00,2026-01-06 15:55:00-05:00,long,621.2206,623.83,618.54,28.961560576926605,75.57229616943374,0.004200440230089039,eod,2.7694000000000187,1.9306000000000267,0.9734387823621669,1.9492999999999938,0.0031378547330851454
2026-01-07 09:47:00-05:00,2026-01-07 15:55:00-05:00,long,625.5449199999999,623.85,622.56,26.262037925373168,-44.51205332047115,-0.0027095096543984583,eod,2.395080000000121,2.024919999999952,-0.5678276134703502,2.2396000000001095,0.0035802384903071546
2026-01-08 10:01:00-05:00,2026-01-08 15:55:00-05:00,short,617.666715,620.6601,623.42,13.547905537618906,-40.55409721772676,-0.004846278627787323,eod,0.0,3.5832850000000462,-0.5202914508841645,4.951999999999998,0.008017268665675143
2026-01-09 10:09:00-05:00,2026-01-09 10:22:00-05:00,short,618.961419,623.26,623.26,18.038376091743384,-77.5394207388226,-0.006944828656598406,stop,0.0,4.848580999999967,-1.0,3.419999999999959,0.005525384773618595
2026-01-12 09:51:00-05:00,2026-01-12 15:55:00-05:00,long,626.721095,627.54,622.26,17.20744044487606,14.091259017510756,0.0013066498104710716,eod,2.123905000000036,1.6310949999999593,0.18356591823307336,3.5399999999999636,0.005648445581682492
2026-01-13 10:03:00-05:00,2026-01-13 15:55:00-05:00,short,625.54383,625.765,629.47,19.587776158854073,-4.332228453054327,-0.00035356435375604166,eod,1.8488299999999072,3.4961700000000064,-0.05633225255147516,2.6800000000000637,0.0042842721348559445
2026-01-14 09:59:00-05:00,2026-01-14 15:55:00-05:00,short,618.17121,619.165,623.45,14.560461173313938,-14.470040709427511,-0.001607629057975686,eod,3.6112100000000282,2.9087900000000673,-0.18826094616379443,4.180000000000064,0.006761880741744773
2026-01-15 09:52:00-05:00,2026-01-15 10:57:00-05:00,short,624.2751,627.27,627.27,25.615852425785132,-76.71691642998465,-0.004797404221312094,stop,0.5150999999999613,5.724900000000048,-1.0,2.3700000000000045,0.003796403220311053
2026-01-16 09:52:00-05:00,2026-01-16 15:55:00-05:00,short,623.5458299999999,621.25,626.08,29.97026531988023,68.80663422933793,0.003681894560981845,eod,4.665829999999914,0.714170000000081,0.9059494824734691,1.8500000000000227,0.002966903010160493
2026-01-20 09:52:00-05:00,2026-01-20 13:33:00-05:00,long,613.9833699999999,610.32,610.32,20.920030902688193,-76.63781360797817,-0.005966562253957909,stop,1.0716300000000274,3.95336999999995,-1.0,2.9799999999999045,0.0048535516523841755
2026-01-21 09:48:00-05:00,2026-01-21 15:55:00-05:00,long,611.0204099999999,615.99,607.8635,24.033448996614702,119.43638779909013,0.008133263502605672,eod,9.399590000000103,2.800409999999829,1.5741943862829315,2.276499999999942,0.003725734791739514
2026-01-22 09:48:00-05:00,2026-01-22 15:55:00-05:00,short,618.74064,620.44,622.46,20.720177490183318,-35.211040819719365,-0.0027464819508220273,eod,0.9606400000000122,3.4993600000000242,-0.4568958100318459,2.9500000000000455,0.004767748890714607
2026-01-23 09:59:00-05:00,2026-01-23 15:55:00-05:00,long,621.44082,622.81,618.65,27.48786698593626,37.63583771980187,0.002203234734403052,eod,3.9590799999999717,0.7008200000000215,0.4906013286417213,2.1499999999999773,0.0034597019230245885
2026-01-26 09:54:00-05:00,2026-01-26 15:55:00-05:00,long,625.96534,625.63,622.12,20.047654386579815,-6.722780421995149,-0.0005357165621981143,eod,1.6446600000000444,1.5103399999999283,-0.08720685297008245,3.103399999999965,0.004957782486806642
2026-01-27 09:54:00-05:00,2026-01-27 15:55:00-05:00,long,630.60998,631.16,627.34,23.554523120836237,12.955458806922763,0.0008722031325923795,eod,1.4327200000000175,0.8199799999999868,0.16820286362608683,2.2799999999999727,0.0036155469661294814
2026-01-28 10:33:00-05:00,2026-01-28 15:55:00-05:00,short,633.84552,633.662,636.6,28.009778289454918,5.140354511678817,0.0002895342701166846,eod,2.0355200000000195,1.0344800000000305,0.06662600563443066,2.080000000000041,0.003281556679614997
2026-01-29 09:54:00-05:00,2026-01-29 15:55:00-05:00,short,626.717655,629.5,633.67,11.104710374392674,-30.897135386639185,-0.004439551012808094,eod,8.447655000000054,2.862345000000005,-0.4002023777588705,5.969999999999914,0.009525820682361203
2026-01-30 10:30:00-05:00,2026-01-30 15:55:00-05:00,short,624.10527,621.72,628.256,18.525610264698177,44.18858239607646,0.003821903314484095,eod,4.807770000000005,4.004729999999995,0.5746627701633251,3.0559999999999263,0.004896609829940911
2026-02-02 09:47:00-05:00,2026-02-02 15:55:00-05:00,long,623.97335,626.23,618.66,14.555166160322651,32.845915715692634,0.0036165807401871185,eod,4.516650000000027,1.233349999999973,0.4247132223550171,4.639999999999986,0.007436215024247408
2026-02-03 09:55:00-05:00,2026-02-03 15:55:00-05:00,short,622.4469300000001,616.25,629.98,10.309893745193923,63.889689846405254,0.00995575638874155,eod,11.48693000000003,0.8130699999999251,0.822630083086989,6.789999999999964,0.010908560509728858
2026-02-04 09:58:00-05:00,2026-02-04 15:55:00-05:00,short,610.66872,605.76,615.1,17.67075160530846,86.74077182001004,0.008038269914987649,eod,10.19871999999998,2.471279999999979,1.1077431351663627,3.810000000000059,0.006239061990927027
2026-02-05 10:11:00-05:00,2026-02-05 15:55:00-05:00,short,596.6028,596.96,604.215,10.400601126057031,-3.715094722227929,-0.0005987233046845144,eod,1.842800000000011,6.4471999999999525,-0.04692467355035771,6.865000000000009,0.011506818271721167
2026-02-06 09:49:00-05:00,2026-02-06 15:55:00-05:00,long,605.2096049999999,610.45,598.77,12.288689282114417,64.3975858705478,0.008658810033261369,eod,6.200395000000071,5.439604999999915,0.8137758449470454,5.840000000000032,0.009649549431721317
2026-02-09 09:47:00-05:00,2026-02-09 15:55:00-05:00,long,611.0154049999999,614.78,605.07,13.418477093361549,50.51513177328476,0.0061612112709336685,eod,5.444595000000163,2.6854049999998324,0.6331940380849095,5.1099999999999,0.008363127931283338
2026-02-10 09:49:00-05:00,2026-02-10 10:06:00-05:00,short,611.9674200000001,616.14,616.14,19.24071728306926,-80.2834321209877,-0.006818304150897322,stop,0.0,4.952679999999987,-1.0,3.509999999999991,0.0057355994539709165
2026-02-11 09:58:00-05:00,2026-02-11 15:55:00-05:00,short,613.61577,613.47,617.52,20.35756033834537,2.9675215705200024,0.00023755908359390833,eod,5.925769999999943,1.3642300000000205,0.037336427413336565,3.0299999999999727,0.004937943495161431
2026-02-12 09:49:00-05:00,2026-02-12 15:55:00-05:00,short,612.3270600000001,600.83,615.81,22.828493461123635,262.4605590321469,0.018776011630124646,eod,12.757160000000113,1.0629399999999123,3.3009641280069304,2.849999999999909,0.0046543753921309775
2026-02-13 09:48:00-05:00,2026-02-13 15:55:00-05:00,long,602.7521499999999,601.355,596.42,12.971088588521283,-18.122556421451172,-0.002317951084869456,eod,3.727850000000103,3.842149999999947,-0.22064385714171436,5.480000000000018,0.009091630780578749
2026-02-17 09:51:00-05:00,2026-02-17 13:39:00-05:00,short,595.978425,602.2,602.2,13.17249298474897,-81.95365304158997,-0.010439262125973821,stop,2.638424999999984,6.291574999999966,-1.0,5.090000000000032,0.008540577622419858
2026-02-18 09:55:00-05:00,2026-02-18 15:55:00-05:00,long,604.5719679999999,606.49,600.72,21.063029732120743,40.399565043162234,0.003172545373456934,eod,5.199032000000102,1.3219679999998561,0.49793560071117887,3.019999999999982,0.004995269645052386
2026-02-19 09:54:00-05:00,2026-02-19 13:20:00-05:00,long,604.6440399999999,601.09,601.09,22.94237323204258,-81.5381121616057,-0.005877904626331673,stop,1.17096000000015,3.8940399999999045,-1.0,2.8799999999999955,0.004763133032784042
2026-02-20 09:47:00-05:00,2026-02-20 15:55:00-05:00,long,606.4007949999999,608.37,599.23,11.257152246018878,22.16764048862275,0.0032473654656077788,eod,3.94920500000012,2.9807949999999437,0.2746145999153697,6.508000000000038,0.01073217590356233
2026-02-23 10:06:00-05:00,2026-02-23 15:55:00-05:00,short,602.8465500000001,600.3725,608.01,15.676419340727124,38.784245269928256,0.0041039465183970066,eod,3.7965500000001384,2.5134499999999207,0.47914669455503517,4.2000000000000455,0.006966947061404009
2026-02-24 09:48:00-05:00,2026-02-24 15:55:00-05:00,long,606.2656599999999,607.81,599.73,12.444382036026427,19.218356953517475,0.0025472991493531633,eod,2.7243400000000975,3.5256599999999025,0.2362944216804514,5.5499999999999545,0.00915440270854192
2026-02-25 09:47:00-05:00,2026-02-25 15:55:00-05:00,long,615.2946799999999,616.47,611.0,18.98265609244764,22.310695358578783,0.0019101741624032408,eod,1.5353200000001834,1.6846799999998439,0.27366881816577926,3.5,0.005688331321180936
2026-02-26 09:52:00-05:00,2026-02-26 15:55:00-05:00,short,611.8875,608.77,615.59,22.079011592355545,68.83131863916982,0.005094890809176627,eod,7.907500000000027,1.2624999999999318,0.8419986495611277,3.0300000000000864,0.0049518906661765215
2026-02-27 09:49:00-05:00,2026-02-27 15:55:00-05:00,long,606.21561,606.89,602.19,20.477853941909313,13.810059919884564,0.0011124589813845552,eod,2.1043900000000804,2.345609999999965,0.16752492168889457,3.0599999999999454,0.005047709015609059
2026-03-02 09:50:00-05:00,2026-03-02 15:55:00-05:00,long,605.5048999999999,608.615,597.99,10.988031005906636,34.17387523147136,0.005136374618933889,eod,4.415100000000052,2.734899999999925,0.41385780249905446,6.75,0.01114772151307116
2026-03-03 09:50:00-05:00,2026-03-03 11:45:00-05:00,short,594.9444599999999,599.39,599.39,18.65143333736743,-82.91569295860135,-0.007472193286748231,stop,3.074459999999931,4.8055400000000645,-1.0,3.7999999999999545,0.006387150827490611
2026-03-04 10:02:00-05:00,2026-03-04 15:55:00-05:00,long,607.56696,611.07,603.43,19.842235851691694,69.50814587791118,0.005765685480988063,eod,5.313040000000001,2.51595999999995,0.8467667079207963,3.5,0.0057606819172655475
2026-03-05 09:52:00-05:00,2026-03-05 10:30:00-05:00,long,611.8112,607.37,607.37,18.639470748400168,-82.78161748779446,-0.007259102154390081,stop,0.9488000000000056,5.383399999999938,-1.0,3.3899999999999864,0.0055409250435428225
2026-03-06 10:01:00-05:00,2026-03-06 15:37:00-05:00,long,602.31171,598.54,598.54,21.728553179570234,-81.95380131291651,-0.006262056568682659,stop,3.688290000000052,3.9817099999999073,-1.0,2.9400000000000546,0.004881193493648089
2026-03-09 09:51:00-04:00,2026-03-09 10:44:00-04:00,short,591.47793,596.47,596.47,16.252629330074928,-81.13426329978735,-0.008439993695115576,stop,0.14792999999997392,5.222070000000031,-1.0,4.3799999999999955,0.007405179090959481
2026-03-10 09:59:00-04:00,2026-03-10 10:39:00-04:00,short,606.31308,609.97,609.97,21.96463708989783,-80.32292066678947,-0.006031405425065238,stop,0.8930800000000545,3.9169200000000046,-1.0,2.9500000000000455,0.00486547313147202
2026-03-11 09:51:00-04:00,2026-03-11 10:00:00-04:00,short,608.18121,610.87,610.87,29.574526630982856,-79.51969146012158,-0.004421034316400601,stop,0.0,4.178790000000049,-1.0,1.919999999999959,0.0031569538295995025
2026-03-12 09:47:00-04:00,2026-03-12 15:55:00-04:00,short,600.47892,597.35,604.14,21.503079568193268,67.28141572251114,0.005210707479956155,eod,3.368920000000003,2.0390800000000127,0.8546439848350813,2.580000000000041,0.004296570477444971
2026-03-13 10:44:00-04:00,2026-03-13 15:55:00-04:00,short,598.2611400000001,593.49,603.41,15.42036658653508,73.5727278356819,0.007975012383388396,eod,5.6911400000000185,0.7288599999999406,0.9266400717829097,4.480000000000018,0.0074883687080194074
2026-03-16 09:48:00-04:00,2026-03-16 10:50:00-04:00,long,602.43183,599.23,599.23,25.02726127905072,-80.13303598110228,-0.0053148420129128515,stop,0.1681700000000319,3.3018299999999954,-1.0,2.3899999999999864,0.003967253855095914
2026-03-17 09:47:00-04:00,2026-03-17 11:36:00-04:00,long,606.44584,602.28,602.28,19.04338755720124,-79.33170562129126,-0.006869269644919986,stop,0.0,4.425839999999994,-1.0,2.9600000000000364,0.004880897525820338
2026-03-18 09:47:00-04:00,2026-03-18 10:13:00-04:00,long,603.7031,600.93,600.93,28.321513311845358,-78.53838856507835,-0.004593483121090483,stop,0.0,2.958099999999945,-1.0,2.0100000000001046,0.003329451182212092
2026-03-19 09:50:00-04:00,2026-03-19 15:55:00-04:00,long,590.7701799999999,593.43,587.08,21.07024716394084,56.043064811594846,0.004502292245014943,eod,5.029820000000086,2.400179999999864,0.7207832680249218,3.0299999999999727,0.005128898009036227
2026-03-20 09:51:00-04:00,2026-03-20 15:55:00-04:00,short,587.54187,581.59,591.17,21.585068706894397,128.47152288450323,0.010130120598894484,eod,9.001870000000054,0.8081300000000056,1.64047870390534,2.589999999999918,0.004408196474576217
2026-03-23 09:50:00-04:00,2026-03-23 11:52:00-04:00,long,593.0124199999999,589.001,589.001,19.842886198999345,-79.59815055638856,-0.006764478895737008,stop,2.0675800000001345,4.132419999999911,-1.0,3.2490000000000236,0.005478805991955487
2026-03-24 10:57:00-04:00,2026-03-24 15:55:00-04:00,long,586.95637,583.5,582.05,16.0611957620041,-55.51343519591799,-0.005888631892690751,eod,0.9736299999999574,4.366369999999961,-0.704465827077853,4.230000000000018,0.00720666852972397
2026-03-25 09:50:00-04:00,2026-03-25 15:55:00-04:00,short,588.24117,587.59,591.37,25.008400807607206,16.284720353889064,0.0011069779423972979,eod,2.5511699999999564,2.9588300000000345,0.20811932895043211,2.3700000000000045,0.004028959754721018
2026-03-26 09:52:00-04:00,2026-03-26 10:55:00-04:00,long,584.2436599999999,580.45,580.45,20.668663481284078,-78.4098819024044,-0.00649328398360338,stop,0.386340000000132,4.593659999999886,-1.0,3.0,0.0051348439108436375
2026-03-27 09:55:00-04:00,2026-03-27 15:55:00-04:00,short,567.14229,563.1,571.02,20.01846014358494,80.92042125381155,0.007127470603541097,eod,5.572289999999953,2.5677100000000337,1.0424425756438727,3.1200000000000045,0.005501264947108783
2026-03-30 09:47:00-04:00,2026-03-30 15:55:00-04:00,short,563.26617,558.685,568.05,16.39585589285552,75.11220314067361,0.008133224120312503,eod,7.6661699999999655,2.2738299999999754,0.9576364544726872,3.949999999999932,0.00701267040411806
2026-03-31 09:47:00-04:00,2026-03-31 10:56:00-04:00,long,567.1666,564.23,564.23,26.965235077070503,-79.1861093273252,-0.005177667373219789,stop,2.0434000000000196,2.9565999999999804,-1.0,2.1200000000000045,0.003737878782001628
2026-04-01 10:23:00-04:00,2026-04-01 15:55:00-04:00,long,584.7841999999999,584.03,580.42,17.96302832914446,-13.547715965840194,-0.0012897065276386895,eod,2.954800000000091,2.4576999999999316,-0.1728151780394968,3.6059999999999945,0.006166377272162953
2026-04-02 09:54:00-04:00,2026-04-02 15:55:00-04:00,long,576.2056299999999,584.8,571.92,18.26073904522651,156.93954782812386,0.014915456483825102,eod,9.844370000000026,0.7556299999998828,2.0053924393846616,3.3688000000000784,0.005846523922371391
2026-04-06 09:51:00-04:00,2026-04-06 13:12:00-04:00,long,589.53895,585.73,585.73,20.958050526437773,-79.82816655267477,-0.006460896264784509,stop,1.0710500000000138,4.3989500000000135,-1.0,3.0499999999999545,0.005173534335602346
2026-04-07 09:48:00-04:00,2026-04-07 15:45:00-04:00,short,583.04637,587.06,587.06,19.69037626466555,-79.02988488714803,-0.00688389501507388,stop,4.646270000000072,4.923630000000003,-1.0,3.0,0.005145388350501178
2026-04-08 09:52:00-04:00,2026-04-08 15:55:00-04:00,short,605.30409,604.86,609.9,17.023741987609963,7.56007357927703,0.0007336642975598598,eod,3.1840899999999692,2.400910000000067,0.09662721854865734,3.8999999999999773,0.006443042537511976
2026-04-09 09:57:00-04:00,2026-04-09 11:32:00-04:00,short,603.760635,606.67,606.67,26.91830924413742,-78.31518677406932,-0.004818739134922203,stop,0.7306350000000066,3.6793650000000753,-1.0,2.199999999999932,0.0036438281538509576
2026-04-10 10:02:00-04:00,2026-04-10 10:32:00-04:00,short,610.51887,613.11,613.11,29.92209379935704,-77.53203490632863,-0.0042441440016424406,stop,0.0,2.6611299999999574,-1.0,1.8700000000000045,0.003062968389494668
2026-04-13 09:48:00-04:00,2026-04-13 09:49:00-04:00,short,607.64175,609.96,609.96,33.10976579629643,-76.75671455726534,-0.0038151591789076945,stop,0.0,3.2682499999999663,-1.0,1.6800000000000637,0.0027647869818031162
2026-04-14 10:14:00-04:00,2026-04-14 15:55:00-04:00,long,623.4723495,628.055,620.1,22.53299885189667,103.2608584551437,0.007350206474553528,eod,4.837650499999995,0.7123494999999593,1.3588895516316142,2.6100000000000136,0.0041862321594424035
2026-04-15 09:58:00-04:00,2026-04-15 15:55:00-04:00,long,630.70007,637.33,628.2,30.807839778984615,204.25382118588527,0.010512017225557084,eod,6.789930000000027,0.9650699999999688,2.651897746863178,1.7999999999999545,0.0028539714606341405
2026-04-16 09:52:00-04:00,2026-04-16 11:08:00-04:00,short,636.03333,639.58,639.58,22.292543204781268,-79.06429420810298,-0.005576232931063633,stop,0.7783299999999826,3.5966700000000174,-1.0,2.608400000000074,0.004101042943771633
2026-04-17 09:52:00-04:00,2026-04-17 15:55:00-04:00,long,647.13649,648.55,644.07,25.52548720720554,36.080531422256435,0.002184253278624381,eod,2.8635100000000193,1.7326899999999341,0.4609537288561208,2.199999999999932,0.0033995919469784986
2026-04-20 09:50:00-04:00,2026-04-20 15:55:00-04:00,short,645.7735799999999,646.3,648.76,26.330675718834843,-13.860994311909831,-0.0008151773567448054,eod,3.2535799999999426,2.436420000000112,-0.17627125454558246,2.2899999999999636,0.003546134544556567
2026-04-21 10:01:00-04:00,2026-04-21 11:00:00-04:00,long,649.8992499999999,646.0,646.0,20.13101151173345,-78.49584663712541,-0.005999776119144527,stop,0.3007500000001073,3.98924999999997,-1.0,3.090000000000032,0.004754583114228909
2026-04-22 10:02:00-04:00,2026-04-22 15:55:00-04:00,long,651.1805299999999,654.93,648.5465,29.50265872854877,110.61933382293434,0.005757957781692411,eod,4.1494700000001785,1.7105299999998351,1.423472777455206,1.913499999999999,0.0029385092333764945
2026-04-23 09:47:00-04:00,2026-04-23 13:09:00-04:00,long,655.629975,652.31,652.31,23.740263558907372,-78.81708150898349,-0.005063793796188162,stop,1.2900250000000142,3.6599749999999176,-1.0,2.5200000000000955,0.003843631463006394
2026-04-24 09:55:00-04:00,2026-04-24 10:12:00-04:00,short,656.8924499999999,659.695,659.695,27.842111895912865,-78.02891069389366,-0.004266375721018122,stop,0.3623499999999922,2.877550000000042,-1.0,1.9750000000000227,0.003006580453162497
2026-04-27 09:48:00-04:00,2026-04-27 13:33:00-04:00,short,661.19814,663.95,663.95,28.071421361171176,-77.24862158695473,-0.004161929433134944,stop,0.5081399999999121,2.8127600000000257,-1.0,1.8900000000001,0.0028584472424560965
2026-04-28 09:49:00-04:00,2026-04-28 10:38:00-04:00,long,660.1995399999998,655.275,655.275,15.52959979431323,-76.47613537108518,-0.0074591690869700794,stop,0.0,5.34953999999982,-1.0,4.105000000000018,0.006217817116322164
2026-04-29 09:54:00-04:00,2026-04-29 15:55:00-04:00,long,659.4951363,660.84,656.5899,26.060315306322074,35.047572066027435,0.0020392321731820162,eod,2.2248637000000144,2.214136300000064,0.46291026309976463,2.2501000000000886,0.003411852303602938
2026-04-30 09:53:00-04:00,2026-04-30 13:30:00-04:00,short,659.3499899999999,665.415,665.415,12.54109222211245,-76.0618497380346,-0.009198468327875504,stop,1.7899899999999889,6.330010000000016,-1.0,5.214999999999918,0.00790930473814054
2026-05-01 09:51:00-04:00,2026-05-01 15:55:00-04:00,long,674.0333599999999,673.97,668.8,14.388696982560916,-0.911667840813262,-9.400128207285628e-05,eod,1.936640000000125,2.0233599999999115,-0.01210694467796515,4.2700000000000955,0.006334998018495844
2026-05-04 10:00:00-04:00,2026-05-04 11:19:00-04:00,long,676.2755999999999,673.55,673.55,27.624051424363994,-75.29211456224611,-0.0040303095365262125,stop,0.45440000000007785,3.5955999999999904,-1.0,1.8400000000000318,0.002720784248315379
2026-05-05 09:52:00-04:00,2026-05-05 15:55:00-04:00,long,681.53085,681.03,677.51,18.53816815266019,-9.284841519260116,-0.0007348896972162215,eod,1.2425500000000511,2.520849999999996,-0.12456321424574768,3.07000000000005,0.004504564980440797
2026-05-06 10:41:00-04:00,2026-05-06 15:55:00-04:00,long,691.54085,695.425,686.48,14.71024531480515,57.13679933950008,0.005616660245016584,eod,3.899150000000077,1.0908499999999322,0.7674896509479648,3.939999999999941,0.005697421923809622
2026-05-07 09:55:00-04:00,2026-05-07 12:12:00-04:00,long,698.1573598999998,695.6,695.6,29.334046019424644,-75.01771299482604,-0.0036630135939068604,stop,3.0826401000001624,3.037359899999842,-1.0,1.740000000000009,0.002492274807858843
2026-05-08 09:47:00-04:00,2026-05-08 15:55:00-04:00,long,704.83413,710.545,699.5,13.923083214109583,79.512918234962,0.00810243113510976,eod,6.115870000000086,1.0441299999999956,1.0706281999126461,4.490000000000009,0.006370293107117286
2026-05-11 10:32:00-04:00,2026-05-11 11:30:00-04:00,short,708.55074,713.5,713.5,15.166442063505995,-75.0626650472274,-0.006985046688399452,stop,0.0,5.049260000000004,-1.0,3.730000000000018,0.005264266607074629
2026-05-12 09:59:00-04:00,2026-05-12 15:55:00-04:00,short,705.50379,706.86,710.18,15.89151008974268,-21.55222489881044,-0.0019223284399365634,eod,8.863789999999995,2.9762100000000373,-0.2900233308598292,3.6399999999999864,0.00515943365803887
2026-05-13 09:47:00-04:00,2026-05-13 10:52:00-04:00,short,705.8234699999999,709.97,709.97,17.86952370964765,-74.09651614776702,-0.005874740889531625,stop,0.9934699999998884,4.396530000000098,-1.0,2.9400000000000546,0.004165347462872062
2026-05-14 10:40:00-04:00,2026-05-14 15:55:00-04:00,long,720.2270075,719.97,714.22,12.211662959683256,-3.1384889681106243,-0.0003568423529299352,eod,1.8029924999999594,2.667007500000068,-0.04278461446901584,5.159999999999968,0.007164407813462852
2026-05-15 09:47:00-04:00,2026-05-15 10:13:00-04:00,short,705.14415,710.42,710.42,13.898076347244208,-73.32416609660824,-0.007481945358264678,stop,0.0,5.555850000000078,-1.0,4.089999999999918,0.0058002324772883935
2026-05-18 10:06:00-04:00,2026-05-18 15:55:00-04:00,short,706.05324,705.26,712.07,12.064786435829427,9.570271192356959,0.0011234846822598943,eod,7.203239999999937,4.566760000000045,0.13183839807470416,5.300000000000068,0.0075065160808554165
2026-05-19 10:06:00-04:00,2026-05-19 13:09:00-04:00,short,698.7106899,705.13,705.13,11.323121334731308,-72.68662714756573,-0.009187364946310894,stop,3.460689900000034,6.479310100000021,-1.0,5.32000000000005,0.007614024054450136
2026-05-20 09:47:00-04:00,2026-05-20 10:12:00-04:00,long,708.9082,704.11,704.11,14.997240814491017,-71.95976087609007,-0.006768436308114297,stop,0.0,4.95819999999992,-1.0,3.3899999999999864,0.004782001393128174
2026-05-21 09:55:00-04:00,2026-05-21 10:20:00-04:00,long,711.5208099999999,707.94,707.94,19.894985566766415,-71.24016326732917,-0.005032614576655622,stop,0.3691900000001169,4.35080999999991,-1.0,2.2999999999999545,0.0032325126232076824
2026-05-22 10:07:00-04:00,2026-05-22 13:28:00-04:00,short,716.35293,721.33,721.33,14.17053841610737,-70.52776163465587,-0.006947790385948482,stop,0.40292999999996937,5.377070000000003,-1.0,3.9200000000000728,0.005472163002111365
2026-05-26 09:47:00-04:00,2026-05-26 15:55:00-04:00,long,728.5378099999998,730.5515,724.16,15.949180987368537,32.116706262457726,0.002764015775653737,eod,2.6321900000001506,2.9678099999997585,0.4599765636243459,3.269999999999982,0.004488442404931575
2026-05-27 09:47:00-04:00,2026-05-27 15:55:00-04:00,short,726.66261,729.36,733.32,10.536208796680542,-28.420264246078563,-0.003712025309792727,eod,1.2226099999999178,4.1673900000000685,-0.4051722972516271,5.810000000000059,0.007995457479228302
2026-05-28 09:48:00-04:00,2026-05-28 10:12:00-04:00,short,726.25302,731.12,731.12,14.353757039986384,-69.85944843847311,-0.006701493647489428,stop,0.0,5.516880000000015,-1.0,4.079500000000053,0.005617188345736659
2026-05-29 09:48:00-04:00,2026-05-29 10:26:00-04:00,long,740.9602199999999,737.43,737.43,19.59108892762736,-69.16085395408838,-0.00476438532692077,stop,0.6697800000000598,3.920219999999972,-1.0,2.590000000000032,0.003495464304413039
2026-06-01 10:04:00-04:00,2026-06-01 11:15:00-04:00,short,735.3639000000001,740.015,740.015,14.721086498795673,-68.4692454145475,-0.006324895742094394,stop,0.0,4.716099999999983,-1.0,3.7250000000000227,0.005065519261959994
2026-06-02 09:54:00-04:00,2026-06-02 15:55:00-04:00,long,743.6629199999999,746.11,739.23,15.291174431391553,37.41872712757181,0.003290576865120749,eod,2.60708000000011,1.7429199999999128,0.5520243992673504,3.4600000000000364,0.004652645583028446
2026-06-03 09:47:00-04:00,2026-06-03 15:55:00-04:00,short,742.1446125,744.61,748.65,10.477275985739189,-25.83054524929178,-0.003321977224486043,eod,1.134612500000003,4.805387500000052,-0.3789762715902821,5.019999999999982,0.00676418034362539
2026-06-04 10:06:00-04:00,2026-06-04 11:00:00-04:00,short,732.4817850000001,737.81,737.81,12.743561357637834,-67.90043477918482,-0.007274194538502942,stop,0.0,5.678214999999909,-1.0,4.25,0.005802192064066139
2026-06-05 09:48:00-04:00,2026-06-05 15:55:00-04:00,short,725.788485,707.275,731.69,11.390537926514252,210.87855304445338,0.025508099649721033,eod,21.468484999999987,2.051514999999995,3.137073276946683,4.800000000000068,0.00661349704383925
2026-06-08 09:58:00-04:00,2026-06-08 10:36:00-04:00,short,713.4858,719.21,719.21,12.111773865664642,-69.3302159618375,-0.008022864645659376,stop,0.4157999999999902,6.154199999999946,-1.0,4.530000000000086,0.006349110241577458
2026-06-09 09:47:00-04:00,2026-06-09 10:00:00-04:00,long,725.2445199999999,720.49,720.49,14.436139463546557,-68.63691380221911,-0.0065557475704881496,stop,0.415480000000116,4.864519999999857,-1.0,3.6499999999999773,0.005032785356309867
2026-06-10 09:48:00-04:00,2026-06-10 11:11:00-04:00,long,708.3376299999999,699.62,699.62,7.794612143919612,-67.95054466419693,-0.012307167699109637,stop,2.9423700000000963,8.897629999999822,-1.0,7.809999999999945,0.011025815471641606
2026-06-11 09:47:00-04:00,2026-06-11 10:57:00-04:00,long,702.8321299999999,696.82,696.82,11.18921899851745,-67.27103921755496,-0.008554147915804366,stop,3.5878700000000663,6.032129999999938,-1.0,4.089999999999918,0.005819312785259147
2026-06-12 10:07:00-04:00,2026-06-12 15:55:00-04:00,long,718.58787,721.9899,711.28,9.11323392799538,31.003495220058863,0.0047343270628824865,eod,5.422130000000038,4.407870000000003,0.46552962764801387,6.480000000000018,0.009017686313018363
2026-06-15 09:47:00-04:00,2026-06-15 15:55:00-04:00,long,741.5407999999999,742.88,737.38,16.08064886021484,21.535204953601628,0.001805969408561362,eod,3.2191000000001395,2.600799999999822,0.3218611805422412,3.32000000000005,0.004477164304378196
2026-06-16 09:48:00-04:00,2026-06-16 10:19:00-04:00,long,744.5137699999999,740.82,740.82,18.172142777465453,-67.123715827116,-0.004961318579775709,stop,0.0,4.183769999999868,-1.0,2.669999999999959,0.003586233200226719
2026-06-17 09:58:00-04:00,2026-06-17 10:24:00-04:00,short,730.80846,735.57,735.57,13.956089556917238,-66.45247866884485,-0.006515441816314061,stop,0.5284599999999955,4.871539999999982,-1.0,3.4200000000000728,0.00467974878123342
2026-06-18 10:24:00-04:00,2026-06-18 15:55:00-04:00,long,738.8380999999999,740.95,732.51,10.396162178561799,21.955654904905757,0.0028584070041868513,eod,2.9819000000001097,4.638099999999895,0.33373366413301336,5.139999999999986,0.006956869170661322
2026-06-22 09:59:00-04:00,2026-06-22 10:27:00-04:00,long,745.2745299999999,740.43,740.43,13.625162901500444,-66.00751043120545,-0.006500329482613559,stop,0.17547000000013213,5.124529999999936,-1.0,4.009900000000016,0.005380433435716657
2026-06-23 09:48:00-04:00,2026-06-23 14:45:00-04:00,long,718.9182,713.28,713.28,11.590123678992157,-65.34743532689339,-0.007842616865173234,stop,4.6918000000000575,6.098199999999906,-1.0,4.529999999999973,0.006301134120682956
